runId,playerCount,lineup,personas,classes,omitted,result,defeated,lostAtRank,lostByClass,lostByPersona,turns,exactKills,jesters,yields
b1,1,slayer,slayer,,,lost,4,Q,,slayer,8,2,0,0
b2,1,slayer,slayer,,,lost,3,J,,slayer,7,1,0,1
b3,1,slayer,slayer,,,lost,2,J,,slayer,8,0,0,2
b4,1,slayer,slayer,,,lost,3,J,,slayer,9,1,0,0
b5,1,slayer,slayer,,,lost,2,J,,slayer,8,1,0,1
b6,1,slayer,slayer,,,lost,4,Q,,slayer,12,2,0,2
b7,1,slayer,slayer,,,lost,4,Q,,slayer,11,1,0,0
b8,1,slayer,slayer,,,lost,3,J,,slayer,10,1,0,2
b9,1,slayer,slayer,,,lost,1,J,,slayer,4,1,0,0
b10,1,slayer,slayer,,,lost,4,Q,,slayer,9,2,0,0
b11,1,slayer,slayer,,,lost,4,Q,,slayer,13,3,0,1
b12,1,slayer,slayer,,,lost,3,J,,slayer,5,3,0,0
b13,1,slayer,slayer,,,lost,1,J,,slayer,5,0,0,1
b14,1,slayer,slayer,,,lost,3,J,,slayer,8,0,0,0
b15,1,slayer,slayer,,,lost,2,J,,slayer,7,0,0,2
b16,1,slayer,slayer,,,lost,1,J,,slayer,5,0,0,1
b17,1,slayer,slayer,,,lost,2,J,,slayer,5,1,0,1
b18,1,slayer,slayer,,,lost,1,J,,slayer,3,1,0,0
b19,1,slayer,slayer,,,lost,4,Q,,slayer,8,2,0,0
b20,1,slayer,slayer,,,lost,2,J,,slayer,6,1,0,0
b21,1,slayer,slayer,,,lost,1,J,,slayer,4,1,0,1
b22,1,slayer,slayer,,,lost,4,Q,,slayer,12,0,0,0
b23,1,slayer,slayer,,,lost,4,Q,,slayer,9,2,0,0
b24,1,slayer,slayer,,,lost,4,Q,,slayer,12,0,0,2
b25,1,slayer,slayer,,,lost,1,J,,slayer,5,1,0,1
b26,1,slayer,slayer,,,lost,1,J,,slayer,5,0,0,1
b27,1,slayer,slayer,,,lost,1,J,,slayer,4,1,0,0
b28,1,slayer,slayer,,,lost,5,Q,,slayer,12,2,0,0
b29,1,slayer,slayer,,,lost,1,J,,slayer,5,0,0,2
b30,1,slayer,slayer,,,lost,1,J,,slayer,5,0,0,0
b31,1,slayer,slayer,,,lost,3,J,,slayer,8,2,0,2
b32,1,slayer,slayer,,,lost,4,Q,,slayer,11,2,0,0
b33,1,slayer,slayer,,,lost,2,J,,slayer,7,1,0,1
b34,1,slayer,slayer,,,lost,1,J,,slayer,5,0,0,2
b35,1,slayer,slayer,,,lost,4,Q,,slayer,9,2,0,0
b36,1,slayer,slayer,,,lost,2,J,,slayer,7,0,0,1
b37,1,slayer,slayer,,,lost,2,J,,slayer,5,1,0,0
b38,1,slayer,slayer,,,lost,3,J,,slayer,11,0,0,1
b39,1,slayer,slayer,,,lost,2,J,,slayer,5,1,0,1
b40,1,slayer,slayer,,,lost,3,J,,slayer,8,3,0,1
b41,1,slayer,slayer,,,lost,2,J,,slayer,5,2,0,1
b42,1,slayer,slayer,,,lost,2,J,,slayer,6,1,0,1
b43,1,slayer,slayer,,,lost,1,J,,slayer,4,1,0,0
b44,1,slayer,slayer,,,lost,4,Q,,slayer,8,1,0,0
b45,1,slayer,slayer,,,lost,2,J,,slayer,8,0,0,2
b46,1,slayer,slayer,,,lost,4,Q,,slayer,10,2,0,0
b47,1,slayer,slayer,,,lost,3,J,,slayer,8,1,0,0
b48,1,slayer,slayer,,,lost,3,J,,slayer,8,1,0,0
b49,1,slayer,slayer,,,lost,1,J,,slayer,5,1,0,2
b50,1,slayer,slayer,,,lost,4,Q,,slayer,10,2,0,1
b51,1,bulwark,bulwark,,,lost,4,Q,,bulwark,12,0,0,1
b52,1,bulwark,bulwark,,,lost,2,J,,bulwark,6,1,0,1
b53,1,bulwark,bulwark,,,lost,4,Q,,bulwark,11,2,0,1
b54,1,bulwark,bulwark,,,lost,4,Q,,bulwark,11,1,0,2
b55,1,bulwark,bulwark,,,lost,2,J,,bulwark,6,0,0,0
b56,1,bulwark,bulwark,,,lost,5,Q,,bulwark,14,2,0,1
b57,1,bulwark,bulwark,,,lost,2,J,,bulwark,6,1,0,0
b58,1,bulwark,bulwark,,,lost,2,J,,bulwark,6,1,0,0
b59,1,bulwark,bulwark,,,lost,6,Q,,bulwark,17,1,0,0
b60,1,bulwark,bulwark,,,lost,4,Q,,bulwark,15,1,0,1
b61,1,bulwark,bulwark,,,lost,4,Q,,bulwark,11,2,0,1
b62,1,bulwark,bulwark,,,lost,2,J,,bulwark,8,1,0,1
b63,1,bulwark,bulwark,,,lost,5,Q,,bulwark,14,2,0,0
b64,1,bulwark,bulwark,,,lost,2,J,,bulwark,4,2,0,1
b65,1,bulwark,bulwark,,,lost,3,J,,bulwark,6,3,0,1
b66,1,bulwark,bulwark,,,lost,2,J,,bulwark,6,2,0,0
b67,1,bulwark,bulwark,,,lost,4,Q,,bulwark,13,1,0,0
b68,1,bulwark,bulwark,,,lost,3,J,,bulwark,8,1,0,2
b69,1,bulwark,bulwark,,,lost,3,J,,bulwark,6,2,0,1
b70,1,bulwark,bulwark,,,lost,5,Q,,bulwark,16,0,0,1
b71,1,bulwark,bulwark,,,lost,3,J,,bulwark,10,1,0,1
b72,1,bulwark,bulwark,,,lost,3,J,,bulwark,7,2,0,0
b73,1,bulwark,bulwark,,,lost,4,Q,,bulwark,11,1,0,2
b74,1,bulwark,bulwark,,,lost,1,J,,bulwark,6,0,0,2
b75,1,bulwark,bulwark,,,lost,2,J,,bulwark,6,0,0,1
b76,1,bulwark,bulwark,,,lost,5,Q,,bulwark,17,0,0,1
b77,1,bulwark,bulwark,,,lost,1,J,,bulwark,4,1,0,0
b78,1,bulwark,bulwark,,,lost,4,Q,,bulwark,13,0,0,1
b79,1,bulwark,bulwark,,,lost,5,Q,,bulwark,15,1,0,1
b80,1,bulwark,bulwark,,,lost,3,J,,bulwark,8,2,0,1
b81,1,bulwark,bulwark,,,lost,4,Q,,bulwark,11,2,0,1
b82,1,bulwark,bulwark,,,lost,1,J,,bulwark,5,1,0,1
b83,1,bulwark,bulwark,,,lost,2,J,,bulwark,5,2,0,1
b84,1,bulwark,bulwark,,,lost,4,Q,,bulwark,10,2,0,0
b85,1,bulwark,bulwark,,,lost,4,Q,,bulwark,10,1,0,0
b86,1,bulwark,bulwark,,,lost,4,Q,,bulwark,9,2,0,0
b87,1,bulwark,bulwark,,,lost,3,J,,bulwark,7,1,0,1
b88,1,bulwark,bulwark,,,lost,3,J,,bulwark,7,1,0,0
b89,1,bulwark,bulwark,,,lost,2,J,,bulwark,6,1,0,2
b90,1,bulwark,bulwark,,,lost,2,J,,bulwark,6,1,0,1
b91,1,bulwark,bulwark,,,lost,3,J,,bulwark,10,1,0,2
b92,1,bulwark,bulwark,,,lost,2,J,,bulwark,6,0,0,1
b93,1,bulwark,bulwark,,,lost,4,Q,,bulwark,13,0,0,0
b94,1,bulwark,bulwark,,,lost,3,J,,bulwark,8,0,0,0
b95,1,bulwark,bulwark,,,lost,4,Q,,bulwark,13,1,0,0
b96,1,bulwark,bulwark,,,lost,5,Q,,bulwark,14,1,0,0
b97,1,bulwark,bulwark,,,lost,3,J,,bulwark,9,1,0,1
b98,1,bulwark,bulwark,,,lost,2,J,,bulwark,6,1,0,1
b99,1,bulwark,bulwark,,,lost,5,Q,,bulwark,15,1,0,0
b100,1,bulwark,bulwark,,,lost,6,Q,,bulwark,19,1,0,1
b101,1,hoarder,hoarder,,,lost,3,J,,hoarder,8,2,0,1
b102,1,hoarder,hoarder,,,lost,2,J,,hoarder,6,1,0,2
b103,1,hoarder,hoarder,,,lost,3,J,,hoarder,8,2,0,1
b104,1,hoarder,hoarder,,,lost,6,Q,,hoarder,17,2,0,1
b105,1,hoarder,hoarder,,,lost,3,J,,hoarder,8,2,0,2
b106,1,hoarder,hoarder,,,lost,2,J,,hoarder,6,0,0,1
b107,1,hoarder,hoarder,,,lost,4,Q,,hoarder,11,2,0,2
b108,1,hoarder,hoarder,,,lost,4,Q,,hoarder,11,1,0,1
b109,1,hoarder,hoarder,,,lost,2,J,,hoarder,6,0,0,0
b110,1,hoarder,hoarder,,,lost,2,J,,hoarder,10,2,0,4
b111,1,hoarder,hoarder,,,lost,5,Q,,hoarder,14,2,0,2
b112,1,hoarder,hoarder,,,lost,1,J,,hoarder,4,1,0,1
b113,1,hoarder,hoarder,,,lost,2,J,,hoarder,5,1,0,2
b114,1,hoarder,hoarder,,,lost,4,Q,,hoarder,12,1,0,1
b115,1,hoarder,hoarder,,,lost,2,J,,hoarder,6,2,0,2
b116,1,hoarder,hoarder,,,lost,1,J,,hoarder,5,0,0,2
b117,1,hoarder,hoarder,,,lost,5,Q,,hoarder,13,5,0,1
b118,1,hoarder,hoarder,,,lost,1,J,,hoarder,5,1,0,1
b119,1,hoarder,hoarder,,,lost,2,J,,hoarder,6,1,0,1
b120,1,hoarder,hoarder,,,lost,1,J,,hoarder,4,0,0,0
b121,1,hoarder,hoarder,,,lost,4,Q,,hoarder,10,3,0,1
b122,1,hoarder,hoarder,,,lost,4,Q,,hoarder,12,2,0,2
b123,1,hoarder,hoarder,,,lost,1,J,,hoarder,4,0,0,2
b124,1,hoarder,hoarder,,,lost,3,J,,hoarder,9,2,0,2
b125,1,hoarder,hoarder,,,lost,4,Q,,hoarder,10,3,0,2
b126,1,hoarder,hoarder,,,lost,2,J,,hoarder,5,1,0,1
b127,1,hoarder,hoarder,,,lost,2,J,,hoarder,7,1,0,2
b128,1,hoarder,hoarder,,,lost,1,J,,hoarder,6,0,0,2
b129,1,hoarder,hoarder,,,lost,4,Q,,hoarder,12,1,0,2
b130,1,hoarder,hoarder,,,lost,1,J,,hoarder,5,1,0,0
b131,1,hoarder,hoarder,,,stalled,2,,,,1996,2,0,1989
b132,1,hoarder,hoarder,,,lost,3,J,,hoarder,9,1,0,1
b133,1,hoarder,hoarder,,,lost,2,J,,hoarder,5,1,0,1
b134,1,hoarder,hoarder,,,lost,2,J,,hoarder,8,0,0,2
b135,1,hoarder,hoarder,,,lost,2,J,,hoarder,6,1,0,1
b136,1,hoarder,hoarder,,,lost,1,J,,hoarder,4,0,0,0
b137,1,hoarder,hoarder,,,lost,4,Q,,hoarder,10,1,0,1
b138,1,hoarder,hoarder,,,lost,5,Q,,hoarder,13,4,0,0
b139,1,hoarder,hoarder,,,lost,2,J,,hoarder,6,1,0,2
b140,1,hoarder,hoarder,,,lost,2,J,,hoarder,5,1,0,1
b141,1,hoarder,hoarder,,,lost,3,J,,hoarder,9,3,0,0
b142,1,hoarder,hoarder,,,lost,3,J,,hoarder,11,1,0,1
b143,1,hoarder,hoarder,,,lost,4,Q,,hoarder,13,2,0,2
b144,1,hoarder,hoarder,,,lost,6,Q,,hoarder,19,1,0,2
b145,1,hoarder,hoarder,,,lost,3,J,,hoarder,10,1,0,0
b146,1,hoarder,hoarder,,,lost,4,Q,,hoarder,10,3,0,0
b147,1,hoarder,hoarder,,,lost,3,J,,hoarder,9,0,0,1
b148,1,hoarder,hoarder,,,lost,2,J,,hoarder,5,2,0,1
b149,1,hoarder,hoarder,,,lost,5,Q,,hoarder,13,1,0,2
b150,1,hoarder,hoarder,,,lost,2,J,,hoarder,5,1,0,0
b151,1,sniper,sniper,,,lost,3,J,,sniper,8,1,0,1
b152,1,sniper,sniper,,,lost,2,J,,sniper,8,1,0,0
b153,1,sniper,sniper,,,lost,3,J,,sniper,10,1,0,2
b154,1,sniper,sniper,,,lost,2,J,,sniper,5,2,0,1
b155,1,sniper,sniper,,,lost,4,Q,,sniper,13,2,0,2
b156,1,sniper,sniper,,,lost,6,Q,,sniper,14,4,0,1
b157,1,sniper,sniper,,,lost,4,Q,,sniper,10,4,0,0
b158,1,sniper,sniper,,,lost,2,J,,sniper,5,1,0,0
b159,1,sniper,sniper,,,lost,2,J,,sniper,7,0,0,1
b160,1,sniper,sniper,,,lost,3,J,,sniper,8,3,0,1
b161,1,sniper,sniper,,,lost,4,Q,,sniper,13,3,0,2
b162,1,sniper,sniper,,,lost,1,J,,sniper,5,0,0,1
b163,1,sniper,sniper,,,lost,2,J,,sniper,7,2,0,2
b164,1,sniper,sniper,,,lost,3,J,,sniper,8,2,0,0
b165,1,sniper,sniper,,,lost,2,J,,sniper,5,1,0,1
b166,1,sniper,sniper,,,lost,2,J,,sniper,7,1,0,1
b167,1,sniper,sniper,,,lost,4,Q,,sniper,9,2,0,1
b168,1,sniper,sniper,,,lost,1,J,,sniper,5,0,0,1
b169,1,sniper,sniper,,,lost,4,Q,,sniper,9,3,0,0
b170,1,sniper,sniper,,,lost,5,Q,,sniper,17,1,0,2
b171,1,sniper,sniper,,,lost,3,J,,sniper,7,2,0,0
b172,1,sniper,sniper,,,lost,4,Q,,sniper,9,2,0,1
b173,1,sniper,sniper,,,lost,1,J,,sniper,6,1,0,1
b174,1,sniper,sniper,,,lost,3,J,,sniper,9,2,0,1
b175,1,sniper,sniper,,,lost,2,J,,sniper,5,1,0,0
b176,1,sniper,sniper,,,lost,2,J,,sniper,5,2,0,0
b177,1,sniper,sniper,,,lost,3,J,,sniper,9,3,0,1
b178,1,sniper,sniper,,,lost,4,Q,,sniper,13,3,0,2
b179,1,sniper,sniper,,,lost,5,Q,,sniper,12,3,0,1
b180,1,sniper,sniper,,,lost,4,Q,,sniper,11,3,0,0
b181,1,sniper,sniper,,,lost,4,Q,,sniper,11,3,0,2
b182,1,sniper,sniper,,,lost,3,J,,sniper,10,1,0,1
b183,1,sniper,sniper,,,lost,5,Q,,sniper,14,2,0,2
b184,1,sniper,sniper,,,lost,4,Q,,sniper,10,3,0,2
b185,1,sniper,sniper,,,lost,1,J,,sniper,5,1,0,1
b186,1,sniper,sniper,,,lost,4,Q,,sniper,10,2,0,0
b187,1,sniper,sniper,,,lost,4,Q,,sniper,11,1,0,0
b188,1,sniper,sniper,,,lost,2,J,,sniper,6,0,0,1
b189,1,sniper,sniper,,,lost,5,Q,,sniper,15,1,0,0
b190,1,sniper,sniper,,,lost,1,J,,sniper,4,0,0,2
b191,1,sniper,sniper,,,lost,4,Q,,sniper,10,2,0,2
b192,1,sniper,sniper,,,lost,2,J,,sniper,5,1,0,1
b193,1,sniper,sniper,,,lost,2,J,,sniper,8,1,0,2
b194,1,sniper,sniper,,,lost,2,J,,sniper,6,1,0,2
b195,1,sniper,sniper,,,lost,2,J,,sniper,8,0,0,2
b196,1,sniper,sniper,,,lost,2,J,,sniper,6,1,0,1
b197,1,sniper,sniper,,,lost,5,Q,,sniper,14,1,0,1
b198,1,sniper,sniper,,,lost,4,Q,,sniper,11,3,0,1
b199,1,sniper,sniper,,,lost,4,Q,,sniper,13,1,0,2
b200,1,sniper,sniper,,,lost,5,Q,,sniper,14,2,0,1
b201,1,steady,steady,,,stalled,3,,,,1997,1,0,1987
b202,1,steady,steady,,,lost,4,Q,,steady,10,1,0,0
b203,1,steady,steady,,,lost,2,J,,steady,9,1,0,2
b204,1,steady,steady,,,lost,3,J,,steady,9,1,0,1
b205,1,steady,steady,,,lost,4,Q,,steady,10,1,0,0
b206,1,steady,steady,,,lost,2,J,,steady,6,0,0,0
b207,1,steady,steady,,,lost,5,Q,,steady,10,3,0,1
b208,1,steady,steady,,,lost,3,J,,steady,8,1,0,0
b209,1,steady,steady,,,lost,2,J,,steady,9,0,0,1
b210,1,steady,steady,,,lost,4,Q,,steady,12,2,0,1
b211,1,steady,steady,,,lost,1,J,,steady,4,1,0,0
b212,1,steady,steady,,,lost,1,J,,steady,4,0,0,1
b213,1,steady,steady,,,lost,3,J,,steady,9,1,0,1
b214,1,steady,steady,,,lost,3,J,,steady,7,2,0,0
b215,1,steady,steady,,,lost,2,J,,steady,7,0,0,1
b216,1,steady,steady,,,lost,5,Q,,steady,14,1,0,1
b217,1,steady,steady,,,lost,5,Q,,steady,15,3,0,2
b218,1,steady,steady,,,lost,5,Q,,steady,11,3,0,0
b219,1,steady,steady,,,lost,2,J,,steady,5,1,0,0
b220,1,steady,steady,,,lost,1,J,,steady,4,0,0,0
b221,1,steady,steady,,,lost,2,J,,steady,5,2,0,0
b222,1,steady,steady,,,lost,4,Q,,steady,13,2,0,0
b223,1,steady,steady,,,lost,3,J,,steady,8,1,0,2
b224,1,steady,steady,,,lost,5,Q,,steady,14,3,0,2
b225,1,steady,steady,,,lost,1,J,,steady,4,1,0,0
b226,1,steady,steady,,,lost,5,Q,,steady,12,2,0,0
b227,1,steady,steady,,,lost,7,Q,,steady,18,2,0,1
b228,1,steady,steady,,,lost,3,J,,steady,7,2,0,1
b229,1,steady,steady,,,lost,2,J,,steady,5,2,0,0
b230,1,steady,steady,,,lost,3,J,,steady,9,0,0,1
b231,1,steady,steady,,,lost,2,J,,steady,5,1,0,1
b232,1,steady,steady,,,lost,3,J,,steady,9,0,0,0
b233,1,steady,steady,,,lost,3,J,,steady,10,1,0,2
b234,1,steady,steady,,,lost,2,J,,steady,8,0,0,1
b235,1,steady,steady,,,lost,3,J,,steady,8,2,0,1
b236,1,steady,steady,,,lost,2,J,,steady,6,1,0,0
b237,1,steady,steady,,,lost,1,J,,steady,4,1,0,0
b238,1,steady,steady,,,lost,5,Q,,steady,13,1,0,0
b239,1,steady,steady,,,lost,2,J,,steady,6,2,0,1
b240,1,steady,steady,,,lost,4,Q,,steady,11,0,0,1
b241,1,steady,steady,,,lost,4,Q,,steady,12,1,0,0
b242,1,steady,steady,,,lost,3,J,,steady,6,2,0,0
b243,1,steady,steady,,,lost,2,J,,steady,6,0,0,1
b244,1,steady,steady,,,lost,3,J,,steady,10,0,0,1
b245,1,steady,steady,,,lost,3,J,,steady,9,0,0,0
b246,1,steady,steady,,,lost,5,Q,,steady,16,1,0,0
b247,1,steady,steady,,,lost,5,Q,,steady,15,0,0,0
b248,1,steady,steady,,,lost,6,Q,,steady,13,4,0,1
b249,1,steady,steady,,,lost,5,Q,,steady,12,1,0,0
b250,1,steady,steady,,,lost,2,J,,steady,6,0,0,1
b251,2,slayer,slayer+slayer,,,lost,4,Q,,slayer,11,3,0,2
b252,2,slayer,slayer+slayer,,,lost,9,K,,slayer,28,1,0,0
b253,2,slayer,slayer+slayer,,,lost,7,Q,,slayer,20,2,0,1
b254,2,slayer,slayer+slayer,,,lost,4,Q,,slayer,13,1,0,0
b255,2,slayer,slayer+slayer,,,lost,6,Q,,slayer,15,1,0,0
b256,2,slayer,slayer+slayer,,,lost,3,J,,slayer,7,1,0,0
b257,2,slayer,slayer+slayer,,,lost,9,K,,slayer,27,2,0,0
b258,2,slayer,slayer+slayer,,,lost,5,Q,,slayer,13,1,0,0
b259,2,slayer,slayer+slayer,,,lost,7,Q,,slayer,19,0,0,0
b260,2,slayer,slayer+slayer,,,lost,7,Q,,slayer,18,1,0,1
b261,2,slayer,slayer+slayer,,,stalled,5,,,,1992,1,0,1977
b262,2,slayer,slayer+slayer,,,lost,8,K,,slayer,23,1,0,0
b263,2,slayer,slayer+slayer,,,lost,4,Q,,slayer,12,1,0,3
b264,2,slayer,slayer+slayer,,,lost,5,Q,,slayer,14,0,0,0
b265,2,slayer,slayer+slayer,,,lost,4,Q,,slayer,10,1,0,1
b266,2,slayer,slayer+slayer,,,lost,5,Q,,slayer,15,1,0,0
b267,2,slayer,slayer+slayer,,,lost,3,J,,slayer,8,2,0,2
b268,2,slayer,slayer+slayer,,,lost,2,J,,slayer,5,1,0,0
b269,2,slayer,slayer+slayer,,,lost,4,Q,,slayer,10,2,0,1
b270,2,slayer,slayer+slayer,,,lost,5,Q,,slayer,16,1,0,2
b271,2,slayer,slayer+slayer,,,lost,5,Q,,slayer,15,2,0,0
b272,2,slayer,slayer+slayer,,,lost,6,Q,,slayer,17,3,0,0
b273,2,slayer,slayer+slayer,,,lost,3,J,,slayer,7,1,0,0
b274,2,slayer,slayer+slayer,,,lost,5,Q,,slayer,16,0,0,1
b275,2,slayer,slayer+slayer,,,lost,8,K,,slayer,24,3,0,2
b276,2,slayer,slayer+slayer,,,lost,7,Q,,slayer,19,4,0,0
b277,2,slayer,slayer+slayer,,,lost,5,Q,,slayer,13,2,0,0
b278,2,slayer,slayer+slayer,,,lost,3,J,,slayer,8,1,0,1
b279,2,slayer,slayer+slayer,,,lost,9,K,,slayer,23,2,0,0
b280,2,slayer,slayer+slayer,,,lost,6,Q,,slayer,16,1,0,0
b281,2,slayer,slayer+slayer,,,lost,9,K,,slayer,23,3,0,0
b282,2,slayer,slayer+slayer,,,lost,5,Q,,slayer,14,3,0,1
b283,2,slayer,slayer+slayer,,,lost,6,Q,,slayer,16,3,0,1
b284,2,slayer,slayer+slayer,,,lost,3,J,,slayer,10,0,0,2
b285,2,slayer,slayer+slayer,,,lost,8,K,,slayer,21,1,0,0
b286,2,slayer,slayer+slayer,,,lost,3,J,,slayer,8,0,0,0
b287,2,slayer,slayer+slayer,,,lost,4,Q,,slayer,11,1,0,1
b288,2,slayer,slayer+slayer,,,lost,7,Q,,slayer,17,3,0,0
b289,2,slayer,slayer+slayer,,,lost,6,Q,,slayer,17,3,0,2
b290,2,slayer,slayer+slayer,,,lost,4,Q,,slayer,8,3,0,1
b291,2,slayer,slayer+slayer,,,lost,4,Q,,slayer,10,1,0,0
b292,2,slayer,slayer+slayer,,,lost,7,Q,,slayer,22,1,0,2
b293,2,slayer,slayer+slayer,,,lost,4,Q,,slayer,12,1,0,1
b294,2,slayer,slayer+slayer,,,lost,5,Q,,slayer,15,1,0,0
b295,2,slayer,slayer+slayer,,,lost,4,Q,,slayer,10,1,0,0
b296,2,slayer,slayer+slayer,,,lost,4,Q,,slayer,10,1,0,1
b297,2,slayer,slayer+slayer,,,lost,6,Q,,slayer,15,0,0,1
b298,2,slayer,slayer+slayer,,,lost,4,Q,,slayer,12,0,0,1
b299,2,slayer,slayer+slayer,,,lost,8,K,,slayer,20,3,0,0
b300,2,slayer,slayer+slayer,,,lost,5,Q,,slayer,14,1,0,1
b301,2,bulwark,bulwark+bulwark,,,lost,5,Q,,bulwark,13,2,0,0
b302,2,bulwark,bulwark+bulwark,,,lost,5,Q,,bulwark,15,1,0,1
b303,2,bulwark,bulwark+bulwark,,,lost,7,Q,,bulwark,21,3,0,0
b304,2,bulwark,bulwark+bulwark,,,lost,6,Q,,bulwark,23,0,0,3
b305,2,bulwark,bulwark+bulwark,,,lost,4,Q,,bulwark,10,1,0,0
b306,2,bulwark,bulwark+bulwark,,,lost,1,J,,bulwark,6,0,0,2
b307,2,bulwark,bulwark+bulwark,,,lost,4,Q,,bulwark,11,0,0,0
b308,2,bulwark,bulwark+bulwark,,,lost,4,Q,,bulwark,11,2,0,0
b309,2,bulwark,bulwark+bulwark,,,lost,1,J,,bulwark,6,0,0,2
b310,2,bulwark,bulwark+bulwark,,,lost,8,K,,bulwark,24,2,0,2
b311,2,bulwark,bulwark+bulwark,,,lost,6,Q,,bulwark,20,2,0,1
b312,2,bulwark,bulwark+bulwark,,,lost,7,Q,,bulwark,29,0,0,2
b313,2,bulwark,bulwark+bulwark,,,lost,10,K,,bulwark,33,1,0,0
b314,2,bulwark,bulwark+bulwark,,,lost,6,Q,,bulwark,17,2,0,2
b315,2,bulwark,bulwark+bulwark,,,lost,7,Q,,bulwark,19,3,0,0
b316,2,bulwark,bulwark+bulwark,,,lost,6,Q,,bulwark,19,1,0,1
b317,2,bulwark,bulwark+bulwark,,,lost,2,J,,bulwark,6,0,0,1
b318,2,bulwark,bulwark+bulwark,,,lost,4,Q,,bulwark,11,0,0,1
b319,2,bulwark,bulwark+bulwark,,,lost,10,K,,bulwark,32,4,0,0
b320,2,bulwark,bulwark+bulwark,,,lost,4,Q,,bulwark,11,1,0,3
b321,2,bulwark,bulwark+bulwark,,,lost,5,Q,,bulwark,14,2,0,0
b322,2,bulwark,bulwark+bulwark,,,lost,5,Q,,bulwark,15,0,0,0
b323,2,bulwark,bulwark+bulwark,,,lost,5,Q,,bulwark,16,3,0,1
b324,2,bulwark,bulwark+bulwark,,,lost,6,Q,,bulwark,17,3,0,0
b325,2,bulwark,bulwark+bulwark,,,lost,5,Q,,bulwark,14,1,0,0
b326,2,bulwark,bulwark+bulwark,,,lost,10,K,,bulwark,33,3,0,0
b327,2,bulwark,bulwark+bulwark,,,lost,10,K,,bulwark,31,1,0,0
b328,2,bulwark,bulwark+bulwark,,,lost,3,J,,bulwark,10,1,0,0
b329,2,bulwark,bulwark+bulwark,,,lost,8,K,,bulwark,24,4,0,2
b330,2,bulwark,bulwark+bulwark,,,lost,3,J,,bulwark,10,0,0,0
b331,2,bulwark,bulwark+bulwark,,,lost,5,Q,,bulwark,13,3,0,0
b332,2,bulwark,bulwark+bulwark,,,lost,4,Q,,bulwark,10,2,0,0
b333,2,bulwark,bulwark+bulwark,,,lost,6,Q,,bulwark,19,1,0,0
b334,2,bulwark,bulwark+bulwark,,,lost,4,Q,,bulwark,11,1,0,1
b335,2,bulwark,bulwark+bulwark,,,lost,4,Q,,bulwark,9,1,0,0
b336,2,bulwark,bulwark+bulwark,,,lost,6,Q,,bulwark,17,3,0,0
b337,2,bulwark,bulwark+bulwark,,,lost,7,Q,,bulwark,21,4,0,1
b338,2,bulwark,bulwark+bulwark,,,lost,7,Q,,bulwark,20,3,0,1
b339,2,bulwark,bulwark+bulwark,,,lost,8,K,,bulwark,24,4,0,0
b340,2,bulwark,bulwark+bulwark,,,lost,9,K,,bulwark,26,4,0,0
b341,2,bulwark,bulwark+bulwark,,,lost,4,Q,,bulwark,13,1,0,0
b342,2,bulwark,bulwark+bulwark,,,lost,4,Q,,bulwark,13,2,0,2
b343,2,bulwark,bulwark+bulwark,,,lost,5,Q,,bulwark,13,1,0,1
b344,2,bulwark,bulwark+bulwark,,,lost,4,Q,,bulwark,12,1,0,0
b345,2,bulwark,bulwark+bulwark,,,lost,2,J,,bulwark,9,1,0,1
b346,2,bulwark,bulwark+bulwark,,,lost,8,K,,bulwark,28,3,0,1
b347,2,bulwark,bulwark+bulwark,,,lost,3,J,,bulwark,8,1,0,0
b348,2,bulwark,bulwark+bulwark,,,lost,4,Q,,bulwark,9,2,0,0
b349,2,bulwark,bulwark+bulwark,,,lost,5,Q,,bulwark,15,1,0,0
b350,2,bulwark,bulwark+bulwark,,,lost,7,Q,,bulwark,22,3,0,1
b351,2,hoarder,hoarder+hoarder,,,won,12,,,,35,4,0,0
b352,2,hoarder,hoarder+hoarder,,,lost,6,Q,,hoarder,17,2,0,1
b353,2,hoarder,hoarder+hoarder,,,lost,8,K,,hoarder,28,2,0,2
b354,2,hoarder,hoarder+hoarder,,,lost,7,Q,,hoarder,25,0,0,3
b355,2,hoarder,hoarder+hoarder,,,lost,4,Q,,hoarder,12,1,0,1
b356,2,hoarder,hoarder+hoarder,,,lost,3,J,,hoarder,8,0,0,1
b357,2,hoarder,hoarder+hoarder,,,lost,4,Q,,hoarder,15,0,0,2
b358,2,hoarder,hoarder+hoarder,,,lost,7,Q,,hoarder,17,4,0,0
b359,2,hoarder,hoarder+hoarder,,,lost,4,Q,,hoarder,11,2,0,0
b360,2,hoarder,hoarder+hoarder,,,lost,9,K,,hoarder,30,0,0,0
b361,2,hoarder,hoarder+hoarder,,,lost,6,Q,,hoarder,17,1,0,0
b362,2,hoarder,hoarder+hoarder,,,lost,11,K,,hoarder,37,2,0,0
b363,2,hoarder,hoarder+hoarder,,,lost,8,K,,hoarder,24,3,0,2
b364,2,hoarder,hoarder+hoarder,,,lost,5,Q,,hoarder,14,4,0,1
b365,2,hoarder,hoarder+hoarder,,,lost,4,Q,,hoarder,11,0,0,1
b366,2,hoarder,hoarder+hoarder,,,lost,5,Q,,hoarder,13,3,0,1
b367,2,hoarder,hoarder+hoarder,,,lost,6,Q,,hoarder,20,2,0,2
b368,2,hoarder,hoarder+hoarder,,,lost,10,K,,hoarder,31,2,0,0
b369,2,hoarder,hoarder+hoarder,,,lost,8,K,,hoarder,20,2,0,0
b370,2,hoarder,hoarder+hoarder,,,lost,7,Q,,hoarder,17,4,0,0
b371,2,hoarder,hoarder+hoarder,,,lost,5,Q,,hoarder,13,1,0,1
b372,2,hoarder,hoarder+hoarder,,,lost,3,J,,hoarder,9,2,0,3
b373,2,hoarder,hoarder+hoarder,,,lost,10,K,,hoarder,30,6,0,1
b374,2,hoarder,hoarder+hoarder,,,lost,5,Q,,hoarder,15,1,0,0
b375,2,hoarder,hoarder+hoarder,,,lost,10,K,,hoarder,29,4,0,1
b376,2,hoarder,hoarder+hoarder,,,lost,6,Q,,hoarder,20,1,0,1
b377,2,hoarder,hoarder+hoarder,,,lost,9,K,,hoarder,29,4,0,2
b378,2,hoarder,hoarder+hoarder,,,lost,6,Q,,hoarder,17,3,0,0
b379,2,hoarder,hoarder+hoarder,,,lost,8,K,,hoarder,23,2,0,1
b380,2,hoarder,hoarder+hoarder,,,lost,4,Q,,hoarder,11,1,0,0
b381,2,hoarder,hoarder+hoarder,,,lost,4,Q,,hoarder,10,4,0,0
b382,2,hoarder,hoarder+hoarder,,,lost,5,Q,,hoarder,13,3,0,1
b383,2,hoarder,hoarder+hoarder,,,lost,5,Q,,hoarder,16,1,0,2
b384,2,hoarder,hoarder+hoarder,,,lost,4,Q,,hoarder,11,1,0,0
b385,2,hoarder,hoarder+hoarder,,,lost,5,Q,,hoarder,13,1,0,0
b386,2,hoarder,hoarder+hoarder,,,lost,4,Q,,hoarder,10,2,0,2
b387,2,hoarder,hoarder+hoarder,,,lost,7,Q,,hoarder,23,3,0,3
b388,2,hoarder,hoarder+hoarder,,,lost,5,Q,,hoarder,13,3,0,0
b389,2,hoarder,hoarder+hoarder,,,lost,3,J,,hoarder,9,1,0,2
b390,2,hoarder,hoarder+hoarder,,,lost,5,Q,,hoarder,14,2,0,1
b391,2,hoarder,hoarder+hoarder,,,lost,4,Q,,hoarder,11,1,0,0
b392,2,hoarder,hoarder+hoarder,,,lost,11,K,,hoarder,32,3,0,1
b393,2,hoarder,hoarder+hoarder,,,lost,11,K,,hoarder,36,3,0,0
b394,2,hoarder,hoarder+hoarder,,,lost,9,K,,hoarder,25,7,0,0
b395,2,hoarder,hoarder+hoarder,,,lost,8,K,,hoarder,27,2,0,3
b396,2,hoarder,hoarder+hoarder,,,lost,11,K,,hoarder,36,4,0,1
b397,2,hoarder,hoarder+hoarder,,,lost,3,J,,hoarder,11,1,0,2
b398,2,hoarder,hoarder+hoarder,,,lost,5,Q,,hoarder,15,2,0,1
b399,2,hoarder,hoarder+hoarder,,,lost,5,Q,,hoarder,12,3,0,0
b400,2,hoarder,hoarder+hoarder,,,lost,4,Q,,hoarder,13,2,0,2
b401,2,sniper,sniper+sniper,,,lost,9,K,,sniper,26,5,0,1
b402,2,sniper,sniper+sniper,,,lost,3,J,,sniper,9,2,0,2
b403,2,sniper,sniper+sniper,,,lost,7,Q,,sniper,19,5,0,0
b404,2,sniper,sniper+sniper,,,lost,6,Q,,sniper,17,3,0,0
b405,2,sniper,sniper+sniper,,,lost,5,Q,,sniper,11,1,0,0
b406,2,sniper,sniper+sniper,,,lost,4,Q,,sniper,11,2,0,1
b407,2,sniper,sniper+sniper,,,lost,6,Q,,sniper,17,3,0,0
b408,2,sniper,sniper+sniper,,,lost,2,J,,sniper,9,0,0,3
b409,2,sniper,sniper+sniper,,,lost,5,Q,,sniper,16,3,0,3
b410,2,sniper,sniper+sniper,,,lost,3,J,,sniper,6,1,0,0
b411,2,sniper,sniper+sniper,,,lost,8,K,,sniper,23,3,0,0
b412,2,sniper,sniper+sniper,,,lost,8,K,,sniper,24,4,0,2
b413,2,sniper,sniper+sniper,,,lost,8,K,,sniper,22,6,0,0
b414,2,sniper,sniper+sniper,,,lost,7,Q,,sniper,18,5,0,0
b415,2,sniper,sniper+sniper,,,lost,9,K,,sniper,23,7,0,0
b416,2,sniper,sniper+sniper,,,lost,6,Q,,sniper,17,3,0,0
b417,2,sniper,sniper+sniper,,,lost,5,Q,,sniper,13,3,0,1
b418,2,sniper,sniper+sniper,,,lost,4,Q,,sniper,9,2,0,0
b419,2,sniper,sniper+sniper,,,lost,7,Q,,sniper,22,5,0,1
b420,2,sniper,sniper+sniper,,,lost,9,K,,sniper,23,4,0,1
b421,2,sniper,sniper+sniper,,,lost,11,K,,sniper,31,5,0,0
b422,2,sniper,sniper+sniper,,,lost,4,Q,,sniper,11,1,0,1
b423,2,sniper,sniper+sniper,,,lost,5,Q,,sniper,18,3,0,2
b424,2,sniper,sniper+sniper,,,lost,6,Q,,sniper,16,3,0,0
b425,2,sniper,sniper+sniper,,,lost,3,J,,sniper,9,2,0,1
b426,2,sniper,sniper+sniper,,,lost,4,Q,,sniper,12,0,0,2
b427,2,sniper,sniper+sniper,,,lost,4,Q,,sniper,10,4,0,1
b428,2,sniper,sniper+sniper,,,lost,3,J,,sniper,8,2,0,1
b429,2,sniper,sniper+sniper,,,lost,6,Q,,sniper,18,3,0,2
b430,2,sniper,sniper+sniper,,,lost,5,Q,,sniper,14,3,0,0
b431,2,sniper,sniper+sniper,,,lost,5,Q,,sniper,14,2,0,0
b432,2,sniper,sniper+sniper,,,lost,7,Q,,sniper,20,4,0,1
b433,2,sniper,sniper+sniper,,,lost,6,Q,,sniper,16,4,0,0
b434,2,sniper,sniper+sniper,,,lost,8,K,,sniper,26,2,0,1
b435,2,sniper,sniper+sniper,,,lost,4,Q,,sniper,10,4,0,2
b436,2,sniper,sniper+sniper,,,lost,3,J,,sniper,9,2,0,0
b437,2,sniper,sniper+sniper,,,lost,5,Q,,sniper,11,3,0,1
b438,2,sniper,sniper+sniper,,,lost,6,Q,,sniper,16,4,0,2
b439,2,sniper,sniper+sniper,,,lost,5,Q,,sniper,14,1,0,0
b440,2,sniper,sniper+sniper,,,lost,10,K,,sniper,31,7,0,1
b441,2,sniper,sniper+sniper,,,lost,8,K,,sniper,21,4,0,0
b442,2,sniper,sniper+sniper,,,lost,8,K,,sniper,22,5,0,0
b443,2,sniper,sniper+sniper,,,lost,5,Q,,sniper,12,3,0,0
b444,2,sniper,sniper+sniper,,,lost,4,Q,,sniper,12,0,0,1
b445,2,sniper,sniper+sniper,,,lost,9,K,,sniper,26,3,0,0
b446,2,sniper,sniper+sniper,,,lost,3,J,,sniper,11,2,0,2
b447,2,sniper,sniper+sniper,,,lost,8,K,,sniper,20,6,0,0
b448,2,sniper,sniper+sniper,,,lost,6,Q,,sniper,17,5,0,0
b449,2,sniper,sniper+sniper,,,lost,6,Q,,sniper,15,3,0,1
b450,2,sniper,sniper+sniper,,,lost,5,Q,,sniper,14,1,0,1
b451,2,steady,steady+steady,,,lost,9,K,,steady,26,1,0,0
b452,2,steady,steady+steady,,,lost,8,K,,steady,22,1,0,0
b453,2,steady,steady+steady,,,lost,7,Q,,steady,21,3,0,1
b454,2,steady,steady+steady,,,lost,4,Q,,steady,10,1,0,1
b455,2,steady,steady+steady,,,lost,4,Q,,steady,9,4,0,0
b456,2,steady,steady+steady,,,lost,6,Q,,steady,17,1,0,1
b457,2,steady,steady+steady,,,lost,7,Q,,steady,19,4,0,1
b458,2,steady,steady+steady,,,lost,6,Q,,steady,17,1,0,1
b459,2,steady,steady+steady,,,lost,2,J,,steady,9,0,0,3
b460,2,steady,steady+steady,,,lost,4,Q,,steady,10,2,0,2
b461,2,steady,steady+steady,,,lost,9,K,,steady,26,2,0,1
b462,2,steady,steady+steady,,,lost,8,K,,steady,22,3,0,0
b463,2,steady,steady+steady,,,lost,4,Q,,steady,13,2,0,2
b464,2,steady,steady+steady,,,lost,6,Q,,steady,15,1,0,0
b465,2,steady,steady+steady,,,lost,4,Q,,steady,9,2,0,0
b466,2,steady,steady+steady,,,lost,5,Q,,steady,14,0,0,0
b467,2,steady,steady+steady,,,stalled,6,,,,1992,4,0,1973
b468,2,steady,steady+steady,,,lost,7,Q,,steady,22,2,0,3
b469,2,steady,steady+steady,,,lost,4,Q,,steady,10,1,0,0
b470,2,steady,steady+steady,,,lost,8,K,,steady,25,0,0,0
b471,2,steady,steady+steady,,,lost,6,Q,,steady,16,1,0,0
b472,2,steady,steady+steady,,,lost,4,Q,,steady,11,1,0,0
b473,2,steady,steady+steady,,,lost,11,K,,steady,33,2,0,0
b474,2,steady,steady+steady,,,lost,9,K,,steady,28,1,0,1
b475,2,steady,steady+steady,,,lost,7,Q,,steady,21,3,0,1
b476,2,steady,steady+steady,,,lost,7,Q,,steady,22,3,0,0
b477,2,steady,steady+steady,,,lost,4,Q,,steady,16,0,0,3
b478,2,steady,steady+steady,,,lost,3,J,,steady,8,1,0,0
b479,2,steady,steady+steady,,,lost,4,Q,,steady,12,1,0,1
b480,2,steady,steady+steady,,,lost,3,J,,steady,7,2,0,0
b481,2,steady,steady+steady,,,lost,4,Q,,steady,12,0,0,0
b482,2,steady,steady+steady,,,lost,5,Q,,steady,13,2,0,1
b483,2,steady,steady+steady,,,lost,3,J,,steady,9,1,0,0
b484,2,steady,steady+steady,,,lost,8,K,,steady,22,3,0,1
b485,2,steady,steady+steady,,,lost,4,Q,,steady,12,1,0,1
b486,2,steady,steady+steady,,,lost,6,Q,,steady,16,3,0,0
b487,2,steady,steady+steady,,,lost,2,J,,steady,6,1,0,1
b488,2,steady,steady+steady,,,lost,7,Q,,steady,21,1,0,0
b489,2,steady,steady+steady,,,lost,8,K,,steady,21,2,0,0
b490,2,steady,steady+steady,,,lost,4,Q,,steady,11,1,0,1
b491,2,steady,steady+steady,,,lost,3,J,,steady,6,3,0,1
b492,2,steady,steady+steady,,,lost,9,K,,steady,25,1,0,0
b493,2,steady,steady+steady,,,lost,5,Q,,steady,11,3,0,0
b494,2,steady,steady+steady,,,lost,8,K,,steady,23,2,0,0
b495,2,steady,steady+steady,,,lost,6,Q,,steady,17,3,0,0
b496,2,steady,steady+steady,,,lost,3,J,,steady,9,1,0,1
b497,2,steady,steady+steady,,,lost,5,Q,,steady,15,1,0,0
b498,2,steady,steady+steady,,,lost,5,Q,,steady,13,1,0,1
b499,2,steady,steady+steady,,,lost,4,Q,,steady,14,1,0,1
b500,2,steady,steady+steady,,,lost,6,Q,,steady,18,4,0,0
b501,2,mixed,slayer+bulwark,,,lost,6,Q,,slayer,19,1,0,2
b502,2,mixed,slayer+bulwark,,,won,12,,,,34,4,0,0
b503,2,mixed,slayer+bulwark,,,lost,4,Q,,bulwark,8,2,0,0
b504,2,mixed,slayer+bulwark,,,lost,7,Q,,slayer,20,1,0,0
b505,2,mixed,slayer+bulwark,,,lost,7,Q,,bulwark,19,1,0,0
b506,2,mixed,slayer+bulwark,,,lost,4,Q,,slayer,11,2,0,3
b507,2,mixed,slayer+bulwark,,,lost,3,J,,slayer,10,1,0,1
b508,2,mixed,slayer+bulwark,,,lost,5,Q,,slayer,14,0,0,0
b509,2,mixed,slayer+bulwark,,,lost,5,Q,,slayer,14,3,0,2
b510,2,mixed,slayer+bulwark,,,lost,3,J,,bulwark,9,2,0,3
b511,2,mixed,slayer+bulwark,,,lost,9,K,,bulwark,23,3,0,0
b512,2,mixed,slayer+bulwark,,,lost,5,Q,,bulwark,13,0,0,0
b513,2,mixed,slayer+bulwark,,,lost,3,J,,bulwark,9,1,0,3
b514,2,mixed,slayer+bulwark,,,lost,5,Q,,slayer,12,2,0,1
b515,2,mixed,slayer+bulwark,,,lost,8,K,,bulwark,22,4,0,0
b516,2,mixed,slayer+bulwark,,,lost,8,K,,slayer,25,1,0,0
b517,2,mixed,slayer+bulwark,,,lost,8,K,,slayer,25,1,0,1
b518,2,mixed,slayer+bulwark,,,lost,8,K,,bulwark,28,3,0,3
b519,2,mixed,slayer+bulwark,,,lost,5,Q,,slayer,16,2,0,0
b520,2,mixed,slayer+bulwark,,,lost,3,J,,slayer,10,1,0,1
b521,2,mixed,slayer+bulwark,,,lost,6,Q,,bulwark,18,0,0,1
b522,2,mixed,slayer+bulwark,,,lost,2,J,,bulwark,6,0,0,0
b523,2,mixed,slayer+bulwark,,,lost,3,J,,slayer,10,1,0,0
b524,2,mixed,slayer+bulwark,,,lost,4,Q,,bulwark,12,1,0,0
b525,2,mixed,slayer+bulwark,,,lost,5,Q,,bulwark,13,2,0,0
b526,2,mixed,slayer+bulwark,,,lost,5,Q,,slayer,14,2,0,3
b527,2,mixed,slayer+bulwark,,,lost,3,J,,bulwark,9,1,0,0
b528,2,mixed,slayer+bulwark,,,lost,4,Q,,bulwark,10,1,0,0
b529,2,mixed,slayer+bulwark,,,lost,5,Q,,bulwark,13,1,0,0
b530,2,mixed,slayer+bulwark,,,lost,7,Q,,slayer,22,1,0,0
b531,2,mixed,slayer+bulwark,,,lost,3,J,,bulwark,9,1,0,3
b532,2,mixed,slayer+bulwark,,,lost,6,Q,,bulwark,18,0,0,0
b533,2,mixed,slayer+bulwark,,,lost,6,Q,,bulwark,16,2,0,1
b534,2,mixed,slayer+bulwark,,,lost,4,Q,,slayer,11,2,0,0
b535,2,mixed,slayer+bulwark,,,lost,8,K,,bulwark,28,3,0,2
b536,2,mixed,slayer+bulwark,,,lost,5,Q,,bulwark,13,1,0,0
b537,2,mixed,slayer+bulwark,,,lost,8,K,,slayer,27,1,0,1
b538,2,mixed,slayer+bulwark,,,lost,4,Q,,bulwark,10,0,0,0
b539,2,mixed,slayer+bulwark,,,lost,6,Q,,slayer,17,2,0,0
b540,2,mixed,slayer+bulwark,,,lost,6,Q,,slayer,15,4,0,1
b541,2,mixed,slayer+bulwark,,,lost,6,Q,,slayer,17,1,0,0
b542,2,mixed,slayer+bulwark,,,lost,6,Q,,slayer,17,1,0,1
b543,2,mixed,slayer+bulwark,,,lost,6,Q,,slayer,17,2,0,0
b544,2,mixed,slayer+bulwark,,,lost,6,Q,,slayer,15,2,0,0
b545,2,mixed,slayer+bulwark,,,lost,4,Q,,slayer,11,2,0,1
b546,2,mixed,slayer+bulwark,,,lost,4,Q,,bulwark,14,1,0,1
b547,2,mixed,slayer+bulwark,,,lost,4,Q,,bulwark,12,0,0,0
b548,2,mixed,slayer+bulwark,,,lost,5,Q,,bulwark,15,2,0,1
b549,2,mixed,slayer+bulwark,,,lost,9,K,,slayer,28,3,0,2
b550,2,mixed,slayer+bulwark,,,lost,6,Q,,slayer,17,2,0,0
b551,3,slayer,slayer+slayer+slayer,,,lost,5,Q,,slayer,13,2,0,0
b552,3,slayer,slayer+slayer+slayer,,,lost,6,Q,,slayer,16,3,1,1
b553,3,slayer,slayer+slayer+slayer,,,lost,9,K,,slayer,25,1,0,0
b554,3,slayer,slayer+slayer+slayer,,,lost,5,Q,,slayer,16,1,1,1
b555,3,slayer,slayer+slayer+slayer,,,lost,5,Q,,slayer,16,2,1,0
b556,3,slayer,slayer+slayer+slayer,,,lost,5,Q,,slayer,14,1,1,1
b557,3,slayer,slayer+slayer+slayer,,,lost,4,Q,,slayer,12,1,1,1
b558,3,slayer,slayer+slayer+slayer,,,lost,4,Q,,slayer,11,1,0,0
b559,3,slayer,slayer+slayer+slayer,,,lost,5,Q,,slayer,17,1,1,1
b560,3,slayer,slayer+slayer+slayer,,,lost,8,K,,slayer,20,3,1,0
b561,3,slayer,slayer+slayer+slayer,,,lost,3,J,,slayer,9,0,0,0
b562,3,slayer,slayer+slayer+slayer,,,lost,3,J,,slayer,10,1,0,3
b563,3,slayer,slayer+slayer+slayer,,,lost,10,K,,slayer,30,1,1,0
b564,3,slayer,slayer+slayer+slayer,,,lost,3,J,,slayer,9,0,0,0
b565,3,slayer,slayer+slayer+slayer,,,lost,5,Q,,slayer,17,2,1,2
b566,3,slayer,slayer+slayer+slayer,,,lost,4,Q,,slayer,13,1,0,1
b567,3,slayer,slayer+slayer+slayer,,,lost,6,Q,,slayer,19,1,1,0
b568,3,slayer,slayer+slayer+slayer,,,lost,4,Q,,slayer,12,0,0,0
b569,3,slayer,slayer+slayer+slayer,,,lost,5,Q,,slayer,14,1,1,0
b570,3,slayer,slayer+slayer+slayer,,,lost,4,Q,,slayer,11,2,1,0
b571,3,slayer,slayer+slayer+slayer,,,lost,4,Q,,slayer,11,1,0,0
b572,3,slayer,slayer+slayer+slayer,,,lost,6,Q,,slayer,19,3,1,3
b573,3,slayer,slayer+slayer+slayer,,,lost,4,Q,,slayer,14,1,0,2
b574,3,slayer,slayer+slayer+slayer,,,lost,5,Q,,slayer,12,2,0,0
b575,3,slayer,slayer+slayer+slayer,,,lost,11,K,,slayer,36,2,1,0
b576,3,slayer,slayer+slayer+slayer,,,lost,8,K,,slayer,23,4,1,1
b577,3,slayer,slayer+slayer+slayer,,,lost,6,Q,,slayer,17,3,1,0
b578,3,slayer,slayer+slayer+slayer,,,lost,4,Q,,slayer,10,2,0,0
b579,3,slayer,slayer+slayer+slayer,,,lost,5,Q,,slayer,14,1,1,0
b580,3,slayer,slayer+slayer+slayer,,,lost,7,Q,,slayer,21,3,1,2
b581,3,slayer,slayer+slayer+slayer,,,lost,10,K,,slayer,26,2,1,2
b582,3,slayer,slayer+slayer+slayer,,,lost,5,Q,,slayer,14,2,1,2
b583,3,slayer,slayer+slayer+slayer,,,lost,4,Q,,slayer,13,1,1,2
b584,3,slayer,slayer+slayer+slayer,,,lost,9,K,,slayer,25,3,1,0
b585,3,slayer,slayer+slayer+slayer,,,lost,5,Q,,slayer,14,1,1,0
b586,3,slayer,slayer+slayer+slayer,,,lost,5,Q,,slayer,15,0,1,0
b587,3,slayer,slayer+slayer+slayer,,,lost,9,K,,slayer,26,4,1,1
b588,3,slayer,slayer+slayer+slayer,,,won,12,,,,36,5,2,0
b589,3,slayer,slayer+slayer+slayer,,,lost,4,Q,,slayer,11,2,1,0
b590,3,slayer,slayer+slayer+slayer,,,lost,9,K,,slayer,24,2,1,1
b591,3,slayer,slayer+slayer+slayer,,,lost,8,K,,slayer,21,1,0,0
b592,3,slayer,slayer+slayer+slayer,,,lost,8,K,,slayer,25,0,1,0
b593,3,slayer,slayer+slayer+slayer,,,lost,6,Q,,slayer,18,1,1,0
b594,3,slayer,slayer+slayer+slayer,,,lost,3,J,,slayer,8,0,1,1
b595,3,slayer,slayer+slayer+slayer,,,lost,4,Q,,slayer,9,2,0,2
b596,3,slayer,slayer+slayer+slayer,,,lost,7,Q,,slayer,18,2,1,0
b597,3,slayer,slayer+slayer+slayer,,,lost,5,Q,,slayer,16,3,1,2
b598,3,slayer,slayer+slayer+slayer,,,lost,4,Q,,slayer,8,2,0,0
b599,3,slayer,slayer+slayer+slayer,,,lost,10,K,,slayer,26,3,0,1
b600,3,slayer,slayer+slayer+slayer,,,lost,8,K,,slayer,22,0,1,0
b601,3,bulwark,bulwark+bulwark+bulwark,,,lost,7,Q,,bulwark,20,5,1,2
b602,3,bulwark,bulwark+bulwark+bulwark,,,lost,4,Q,,bulwark,13,2,1,0
b603,3,bulwark,bulwark+bulwark+bulwark,,,lost,6,Q,,bulwark,22,1,1,1
b604,3,bulwark,bulwark+bulwark+bulwark,,,lost,4,Q,,bulwark,13,0,1,0
b605,3,bulwark,bulwark+bulwark+bulwark,,,lost,5,Q,,bulwark,16,1,0,1
b606,3,bulwark,bulwark+bulwark+bulwark,,,lost,7,Q,,bulwark,21,2,1,1
b607,3,bulwark,bulwark+bulwark+bulwark,,,lost,4,Q,,bulwark,13,1,0,1
b608,3,bulwark,bulwark+bulwark+bulwark,,,lost,6,Q,,bulwark,21,2,1,1
b609,3,bulwark,bulwark+bulwark+bulwark,,,lost,4,Q,,bulwark,13,2,0,0
b610,3,bulwark,bulwark+bulwark+bulwark,,,lost,8,K,,bulwark,27,1,1,0
b611,3,bulwark,bulwark+bulwark+bulwark,,,lost,3,J,,bulwark,10,0,0,1
b612,3,bulwark,bulwark+bulwark+bulwark,,,lost,8,K,,bulwark,25,3,2,1
b613,3,bulwark,bulwark+bulwark+bulwark,,,lost,5,Q,,bulwark,15,1,1,0
b614,3,bulwark,bulwark+bulwark+bulwark,,,lost,7,Q,,bulwark,27,3,1,4
b615,3,bulwark,bulwark+bulwark+bulwark,,,lost,8,K,,bulwark,27,4,1,3
b616,3,bulwark,bulwark+bulwark+bulwark,,,lost,4,Q,,bulwark,12,1,0,1
b617,3,bulwark,bulwark+bulwark+bulwark,,,lost,6,Q,,bulwark,20,2,1,1
b618,3,bulwark,bulwark+bulwark+bulwark,,,lost,2,J,,bulwark,8,0,0,1
b619,3,bulwark,bulwark+bulwark+bulwark,,,lost,5,Q,,bulwark,15,2,1,0
b620,3,bulwark,bulwark+bulwark+bulwark,,,lost,5,Q,,bulwark,13,2,0,1
b621,3,bulwark,bulwark+bulwark+bulwark,,,lost,6,Q,,bulwark,19,0,0,0
b622,3,bulwark,bulwark+bulwark+bulwark,,,lost,5,Q,,bulwark,17,2,1,4
b623,3,bulwark,bulwark+bulwark+bulwark,,,lost,6,Q,,bulwark,17,2,1,0
b624,3,bulwark,bulwark+bulwark+bulwark,,,lost,5,Q,,bulwark,19,2,1,1
b625,3,bulwark,bulwark+bulwark+bulwark,,,lost,6,Q,,bulwark,21,2,2,0
b626,3,bulwark,bulwark+bulwark+bulwark,,,lost,5,Q,,bulwark,18,1,1,1
b627,3,bulwark,bulwark+bulwark+bulwark,,,lost,7,Q,,bulwark,24,3,1,1
b628,3,bulwark,bulwark+bulwark+bulwark,,,lost,4,Q,,bulwark,10,2,0,0
b629,3,bulwark,bulwark+bulwark+bulwark,,,lost,6,Q,,bulwark,20,2,1,2
b630,3,bulwark,bulwark+bulwark+bulwark,,,lost,9,K,,bulwark,25,4,1,1
b631,3,bulwark,bulwark+bulwark+bulwark,,,lost,5,Q,,bulwark,14,1,1,1
b632,3,bulwark,bulwark+bulwark+bulwark,,,lost,6,Q,,bulwark,21,2,1,1
b633,3,bulwark,bulwark+bulwark+bulwark,,,lost,7,Q,,bulwark,26,1,1,1
b634,3,bulwark,bulwark+bulwark+bulwark,,,lost,8,K,,bulwark,24,3,1,0
b635,3,bulwark,bulwark+bulwark+bulwark,,,lost,3,J,,bulwark,10,1,0,1
b636,3,bulwark,bulwark+bulwark+bulwark,,,lost,3,J,,bulwark,9,1,0,0
b637,3,bulwark,bulwark+bulwark+bulwark,,,lost,5,Q,,bulwark,15,0,1,0
b638,3,bulwark,bulwark+bulwark+bulwark,,,lost,9,K,,bulwark,35,2,2,2
b639,3,bulwark,bulwark+bulwark+bulwark,,,lost,4,Q,,bulwark,11,2,1,0
b640,3,bulwark,bulwark+bulwark+bulwark,,,lost,3,J,,bulwark,7,2,0,1
b641,3,bulwark,bulwark+bulwark+bulwark,,,lost,2,J,,bulwark,7,1,1,0
b642,3,bulwark,bulwark+bulwark+bulwark,,,lost,4,Q,,bulwark,16,0,0,3
b643,3,bulwark,bulwark+bulwark+bulwark,,,lost,4,Q,,bulwark,11,3,1,1
b644,3,bulwark,bulwark+bulwark+bulwark,,,lost,4,Q,,bulwark,11,1,0,0
b645,3,bulwark,bulwark+bulwark+bulwark,,,lost,2,J,,bulwark,3,2,0,0
b646,3,bulwark,bulwark+bulwark+bulwark,,,lost,4,Q,,bulwark,12,1,0,1
b647,3,bulwark,bulwark+bulwark+bulwark,,,lost,4,Q,,bulwark,12,0,0,0
b648,3,bulwark,bulwark+bulwark+bulwark,,,lost,6,Q,,bulwark,20,4,1,1
b649,3,bulwark,bulwark+bulwark+bulwark,,,lost,6,Q,,bulwark,20,2,1,0
b650,3,bulwark,bulwark+bulwark+bulwark,,,lost,9,K,,bulwark,31,3,1,0
b651,3,hoarder,hoarder+hoarder+hoarder,,,lost,5,Q,,hoarder,15,3,1,0
b652,3,hoarder,hoarder+hoarder+hoarder,,,lost,9,K,,hoarder,26,5,1,0
b653,3,hoarder,hoarder+hoarder+hoarder,,,lost,5,Q,,hoarder,15,3,0,0
b654,3,hoarder,hoarder+hoarder+hoarder,,,lost,4,Q,,hoarder,10,2,1,0
b655,3,hoarder,hoarder+hoarder+hoarder,,,lost,8,K,,hoarder,25,3,1,1
b656,3,hoarder,hoarder+hoarder+hoarder,,,lost,3,J,,hoarder,7,1,1,0
b657,3,hoarder,hoarder+hoarder+hoarder,,,lost,8,K,,hoarder,26,1,1,1
b658,3,hoarder,hoarder+hoarder+hoarder,,,lost,4,Q,,hoarder,13,2,1,0
b659,3,hoarder,hoarder+hoarder+hoarder,,,lost,10,K,,hoarder,33,4,2,0
b660,3,hoarder,hoarder+hoarder+hoarder,,,lost,8,K,,hoarder,27,3,1,1
b661,3,hoarder,hoarder+hoarder+hoarder,,,lost,4,Q,,hoarder,12,1,1,0
b662,3,hoarder,hoarder+hoarder+hoarder,,,won,12,,,,34,6,2,0
b663,3,hoarder,hoarder+hoarder+hoarder,,,lost,6,Q,,hoarder,17,1,1,0
b664,3,hoarder,hoarder+hoarder+hoarder,,,lost,6,Q,,hoarder,17,2,0,0
b665,3,hoarder,hoarder+hoarder+hoarder,,,lost,7,Q,,hoarder,20,3,1,1
b666,3,hoarder,hoarder+hoarder+hoarder,,,lost,8,K,,hoarder,32,1,1,1
b667,3,hoarder,hoarder+hoarder+hoarder,,,lost,8,K,,hoarder,28,2,1,3
b668,3,hoarder,hoarder+hoarder+hoarder,,,lost,11,K,,hoarder,40,1,2,0
b669,3,hoarder,hoarder+hoarder+hoarder,,,lost,5,Q,,hoarder,13,3,1,1
b670,3,hoarder,hoarder+hoarder+hoarder,,,lost,3,J,,hoarder,11,0,0,4
b671,3,hoarder,hoarder+hoarder+hoarder,,,lost,11,K,,hoarder,39,0,2,0
b672,3,hoarder,hoarder+hoarder+hoarder,,,lost,8,K,,hoarder,27,4,1,1
b673,3,hoarder,hoarder+hoarder+hoarder,,,lost,4,Q,,hoarder,10,3,0,1
b674,3,hoarder,hoarder+hoarder+hoarder,,,won,12,,,,41,5,3,0
b675,3,hoarder,hoarder+hoarder+hoarder,,,lost,7,Q,,hoarder,22,1,1,0
b676,3,hoarder,hoarder+hoarder+hoarder,,,lost,5,Q,,hoarder,17,3,1,1
b677,3,hoarder,hoarder+hoarder+hoarder,,,lost,5,Q,,hoarder,14,2,0,0
b678,3,hoarder,hoarder+hoarder+hoarder,,,won,12,,,,40,3,3,0
b679,3,hoarder,hoarder+hoarder+hoarder,,,lost,8,K,,hoarder,26,4,1,2
b680,3,hoarder,hoarder+hoarder+hoarder,,,lost,8,K,,hoarder,22,4,1,0
b681,3,hoarder,hoarder+hoarder+hoarder,,,lost,6,Q,,hoarder,21,3,1,0
b682,3,hoarder,hoarder+hoarder+hoarder,,,lost,9,K,,hoarder,29,0,1,0
b683,3,hoarder,hoarder+hoarder+hoarder,,,lost,7,Q,,hoarder,20,3,1,0
b684,3,hoarder,hoarder+hoarder+hoarder,,,lost,5,Q,,hoarder,14,3,0,0
b685,3,hoarder,hoarder+hoarder+hoarder,,,lost,11,K,,hoarder,41,2,2,1
b686,3,hoarder,hoarder+hoarder+hoarder,,,lost,7,Q,,hoarder,25,1,1,2
b687,3,hoarder,hoarder+hoarder+hoarder,,,lost,4,Q,,hoarder,9,2,0,1
b688,3,hoarder,hoarder+hoarder+hoarder,,,lost,5,Q,,hoarder,14,3,1,1
b689,3,hoarder,hoarder+hoarder+hoarder,,,lost,4,Q,,hoarder,14,1,0,0
b690,3,hoarder,hoarder+hoarder+hoarder,,,lost,5,Q,,hoarder,15,0,0,1
b691,3,hoarder,hoarder+hoarder+hoarder,,,lost,9,K,,hoarder,32,3,1,1
b692,3,hoarder,hoarder+hoarder+hoarder,,,lost,10,K,,hoarder,28,4,1,1
b693,3,hoarder,hoarder+hoarder+hoarder,,,lost,8,K,,hoarder,24,3,1,1
b694,3,hoarder,hoarder+hoarder+hoarder,,,lost,6,Q,,hoarder,18,0,1,0
b695,3,hoarder,hoarder+hoarder+hoarder,,,lost,4,Q,,hoarder,11,3,1,1
b696,3,hoarder,hoarder+hoarder+hoarder,,,lost,5,Q,,hoarder,24,0,2,3
b697,3,hoarder,hoarder+hoarder+hoarder,,,lost,4,Q,,hoarder,9,2,0,0
b698,3,hoarder,hoarder+hoarder+hoarder,,,lost,5,Q,,hoarder,13,2,0,1
b699,3,hoarder,hoarder+hoarder+hoarder,,,lost,2,J,,hoarder,7,1,0,0
b700,3,hoarder,hoarder+hoarder+hoarder,,,lost,10,K,,hoarder,33,5,2,0
b701,3,sniper,sniper+sniper+sniper,,,lost,4,Q,,sniper,15,1,0,4
b702,3,sniper,sniper+sniper+sniper,,,lost,6,Q,,sniper,19,2,1,0
b703,3,sniper,sniper+sniper+sniper,,,lost,9,K,,sniper,27,5,1,1
b704,3,sniper,sniper+sniper+sniper,,,lost,7,Q,,sniper,20,2,0,1
b705,3,sniper,sniper+sniper+sniper,,,lost,8,K,,sniper,28,5,2,0
b706,3,sniper,sniper+sniper+sniper,,,lost,7,Q,,sniper,24,2,1,0
b707,3,sniper,sniper+sniper+sniper,,,lost,2,J,,sniper,8,1,0,0
b708,3,sniper,sniper+sniper+sniper,,,lost,6,Q,,sniper,19,3,1,0
b709,3,sniper,sniper+sniper+sniper,,,lost,4,Q,,sniper,12,2,1,0
b710,3,sniper,sniper+sniper+sniper,,,won,12,,,,36,5,3,0
b711,3,sniper,sniper+sniper+sniper,,,lost,5,Q,,sniper,14,2,0,1
b712,3,sniper,sniper+sniper+sniper,,,lost,4,Q,,sniper,11,3,1,0
b713,3,sniper,sniper+sniper+sniper,,,lost,4,Q,,sniper,10,2,0,0
b714,3,sniper,sniper+sniper+sniper,,,lost,6,Q,,sniper,19,2,1,0
b715,3,sniper,sniper+sniper+sniper,,,lost,11,K,,sniper,35,2,1,0
b716,3,sniper,sniper+sniper+sniper,,,lost,5,Q,,sniper,16,3,1,0
b717,3,sniper,sniper+sniper+sniper,,,lost,3,J,,sniper,8,0,0,0
b718,3,sniper,sniper+sniper+sniper,,,lost,9,K,,sniper,30,7,2,0
b719,3,sniper,sniper+sniper+sniper,,,lost,4,Q,,sniper,14,4,1,0
b720,3,sniper,sniper+sniper+sniper,,,lost,4,Q,,sniper,11,4,1,2
b721,3,sniper,sniper+sniper+sniper,,,lost,8,K,,sniper,23,4,1,0
b722,3,sniper,sniper+sniper+sniper,,,lost,5,Q,,sniper,17,1,0,1
b723,3,sniper,sniper+sniper+sniper,,,lost,6,Q,,sniper,17,3,1,0
b724,3,sniper,sniper+sniper+sniper,,,lost,5,Q,,sniper,14,3,0,0
b725,3,sniper,sniper+sniper+sniper,,,lost,6,Q,,sniper,17,3,1,0
b726,3,sniper,sniper+sniper+sniper,,,lost,8,K,,sniper,22,5,1,0
b727,3,sniper,sniper+sniper+sniper,,,lost,11,K,,sniper,33,7,2,0
b728,3,sniper,sniper+sniper+sniper,,,lost,2,J,,sniper,5,2,0,0
b729,3,sniper,sniper+sniper+sniper,,,lost,5,Q,,sniper,15,0,1,0
b730,3,sniper,sniper+sniper+sniper,,,lost,4,Q,,sniper,9,2,1,1
b731,3,sniper,sniper+sniper+sniper,,,lost,8,K,,sniper,27,2,2,0
b732,3,sniper,sniper+sniper+sniper,,,lost,6,Q,,sniper,15,3,1,1
b733,3,sniper,sniper+sniper+sniper,,,lost,4,Q,,sniper,10,4,0,0
b734,3,sniper,sniper+sniper+sniper,,,lost,7,Q,,sniper,19,2,1,0
b735,3,sniper,sniper+sniper+sniper,,,lost,9,K,,sniper,24,5,1,0
b736,3,sniper,sniper+sniper+sniper,,,lost,5,Q,,sniper,13,4,1,0
b737,3,sniper,sniper+sniper+sniper,,,lost,7,Q,,sniper,23,2,1,1
b738,3,sniper,sniper+sniper+sniper,,,lost,8,K,,sniper,24,5,1,0
b739,3,sniper,sniper+sniper+sniper,,,lost,9,K,,sniper,26,5,1,1
b740,3,sniper,sniper+sniper+sniper,,,lost,5,Q,,sniper,14,1,1,0
b741,3,sniper,sniper+sniper+sniper,,,lost,9,K,,sniper,28,5,2,0
b742,3,sniper,sniper+sniper+sniper,,,lost,2,J,,sniper,6,1,0,0
b743,3,sniper,sniper+sniper+sniper,,,lost,5,Q,,sniper,15,3,1,0
b744,3,sniper,sniper+sniper+sniper,,,lost,5,Q,,sniper,14,3,1,0
b745,3,sniper,sniper+sniper+sniper,,,lost,5,Q,,sniper,13,3,0,0
b746,3,sniper,sniper+sniper+sniper,,,lost,6,Q,,sniper,16,4,1,2
b747,3,sniper,sniper+sniper+sniper,,,lost,7,Q,,sniper,21,2,1,0
b748,3,sniper,sniper+sniper+sniper,,,lost,4,Q,,sniper,12,1,1,1
b749,3,sniper,sniper+sniper+sniper,,,lost,4,Q,,sniper,13,1,1,1
b750,3,sniper,sniper+sniper+sniper,,,lost,6,Q,,sniper,16,5,0,0
b751,3,steady,steady+steady+steady,,,lost,5,Q,,steady,11,2,1,0
b752,3,steady,steady+steady+steady,,,lost,5,Q,,steady,13,3,1,0
b753,3,steady,steady+steady+steady,,,lost,6,Q,,steady,15,1,1,0
b754,3,steady,steady+steady+steady,,,lost,5,Q,,steady,14,2,1,0
b755,3,steady,steady+steady+steady,,,lost,8,K,,steady,27,3,1,0
b756,3,steady,steady+steady+steady,,,lost,5,Q,,steady,13,0,0,0
b757,3,steady,steady+steady+steady,,,lost,4,Q,,steady,13,2,1,1
b758,3,steady,steady+steady+steady,,,lost,2,J,,steady,5,1,0,0
b759,3,steady,steady+steady+steady,,,lost,4,Q,,steady,10,1,0,0
b760,3,steady,steady+steady+steady,,,lost,5,Q,,steady,18,2,1,1
b761,3,steady,steady+steady+steady,,,lost,6,Q,,steady,17,5,1,0
b762,3,steady,steady+steady+steady,,,lost,5,Q,,steady,13,1,0,0
b763,3,steady,steady+steady+steady,,,lost,5,Q,,steady,14,2,0,0
b764,3,steady,steady+steady+steady,,,lost,2,J,,steady,6,1,0,1
b765,3,steady,steady+steady+steady,,,lost,6,Q,,steady,22,2,1,2
b766,3,steady,steady+steady+steady,,,lost,7,Q,,steady,23,2,1,1
b767,3,steady,steady+steady+steady,,,lost,5,Q,,steady,12,1,1,0
b768,3,steady,steady+steady+steady,,,lost,5,Q,,steady,13,3,1,0
b769,3,steady,steady+steady+steady,,,lost,4,Q,,steady,10,2,1,0
b770,3,steady,steady+steady+steady,,,lost,6,Q,,steady,18,4,1,1
b771,3,steady,steady+steady+steady,,,lost,7,Q,,steady,22,1,1,0
b772,3,steady,steady+steady+steady,,,lost,9,K,,steady,25,6,1,0
b773,3,steady,steady+steady+steady,,,lost,7,Q,,steady,25,3,1,4
b774,3,steady,steady+steady+steady,,,lost,5,Q,,steady,16,3,0,1
b775,3,steady,steady+steady+steady,,,lost,6,Q,,steady,17,4,1,1
b776,3,steady,steady+steady+steady,,,lost,3,J,,steady,8,2,1,0
b777,3,steady,steady+steady+steady,,,lost,5,Q,,steady,17,1,1,1
b778,3,steady,steady+steady+steady,,,lost,8,K,,steady,24,4,1,0
b779,3,steady,steady+steady+steady,,,lost,10,K,,steady,33,3,1,2
b780,3,steady,steady+steady+steady,,,lost,8,K,,steady,27,4,1,2
b781,3,steady,steady+steady+steady,,,lost,10,K,,steady,38,6,2,3
b782,3,steady,steady+steady+steady,,,lost,4,Q,,steady,14,2,1,1
b783,3,steady,steady+steady+steady,,,lost,5,Q,,steady,18,2,1,3
b784,3,steady,steady+steady+steady,,,lost,5,Q,,steady,17,3,1,2
b785,3,steady,steady+steady+steady,,,lost,8,K,,steady,22,5,1,0
b786,3,steady,steady+steady+steady,,,lost,3,J,,steady,8,2,0,0
b787,3,steady,steady+steady+steady,,,lost,6,Q,,steady,21,1,1,0
b788,3,steady,steady+steady+steady,,,lost,5,Q,,steady,14,2,1,0
b789,3,steady,steady+steady+steady,,,lost,6,Q,,steady,21,2,0,2
b790,3,steady,steady+steady+steady,,,lost,6,Q,,steady,19,2,1,1
b791,3,steady,steady+steady+steady,,,lost,5,Q,,steady,15,1,1,0
b792,3,steady,steady+steady+steady,,,lost,5,Q,,steady,15,1,1,0
b793,3,steady,steady+steady+steady,,,lost,5,Q,,steady,16,2,1,0
b794,3,steady,steady+steady+steady,,,lost,9,K,,steady,26,3,0,1
b795,3,steady,steady+steady+steady,,,lost,4,Q,,steady,11,1,1,2
b796,3,steady,steady+steady+steady,,,lost,8,K,,steady,23,2,1,0
b797,3,steady,steady+steady+steady,,,lost,4,Q,,steady,14,3,0,1
b798,3,steady,steady+steady+steady,,,lost,7,Q,,steady,23,2,1,2
b799,3,steady,steady+steady+steady,,,lost,4,Q,,steady,12,0,0,0
b800,3,steady,steady+steady+steady,,,lost,4,Q,,steady,10,2,0,0
b801,3,mixed,slayer+bulwark+hoarder,,,lost,6,Q,,slayer,22,2,1,1
b802,3,mixed,slayer+bulwark+hoarder,,,lost,11,K,,slayer,36,2,1,3
b803,3,mixed,slayer+bulwark+hoarder,,,lost,10,K,,hoarder,35,2,1,1
b804,3,mixed,slayer+bulwark+hoarder,,,lost,4,Q,,slayer,11,1,1,0
b805,3,mixed,slayer+bulwark+hoarder,,,lost,5,Q,,slayer,15,0,1,0
b806,3,mixed,slayer+bulwark+hoarder,,,lost,6,Q,,hoarder,18,4,1,1
b807,3,mixed,slayer+bulwark+hoarder,,,lost,6,Q,,bulwark,20,1,1,3
b808,3,mixed,slayer+bulwark+hoarder,,,lost,5,Q,,bulwark,15,2,1,0
b809,3,mixed,slayer+bulwark+hoarder,,,lost,8,K,,hoarder,29,4,1,2
b810,3,mixed,slayer+bulwark+hoarder,,,won,12,,,,38,4,2,0
b811,3,mixed,slayer+bulwark+hoarder,,,lost,8,K,,slayer,21,2,1,0
b812,3,mixed,slayer+bulwark+hoarder,,,won,12,,,,39,2,2,0
b813,3,mixed,slayer+bulwark+hoarder,,,lost,5,Q,,slayer,17,1,1,1
b814,3,mixed,slayer+bulwark+hoarder,,,lost,6,Q,,slayer,22,1,1,1
b815,3,mixed,slayer+bulwark+hoarder,,,lost,6,Q,,hoarder,20,0,1,1
b816,3,mixed,slayer+bulwark+hoarder,,,lost,5,Q,,bulwark,19,0,1,2
b817,3,mixed,slayer+bulwark+hoarder,,,lost,10,K,,hoarder,31,3,1,0
b818,3,mixed,slayer+bulwark+hoarder,,,lost,8,K,,bulwark,29,3,1,4
b819,3,mixed,slayer+bulwark+hoarder,,,lost,5,Q,,hoarder,14,1,1,0
b820,3,mixed,slayer+bulwark+hoarder,,,lost,5,Q,,bulwark,16,3,0,1
b821,3,mixed,slayer+bulwark+hoarder,,,lost,3,J,,slayer,8,2,1,1
b822,3,mixed,slayer+bulwark+hoarder,,,lost,6,Q,,bulwark,14,3,0,1
b823,3,mixed,slayer+bulwark+hoarder,,,lost,5,Q,,hoarder,15,0,1,1
b824,3,mixed,slayer+bulwark+hoarder,,,lost,5,Q,,bulwark,13,1,0,0
b825,3,mixed,slayer+bulwark+hoarder,,,lost,7,Q,,bulwark,29,2,2,1
b826,3,mixed,slayer+bulwark+hoarder,,,lost,5,Q,,hoarder,16,1,1,0
b827,3,mixed,slayer+bulwark+hoarder,,,lost,5,Q,,hoarder,14,1,0,1
b828,3,mixed,slayer+bulwark+hoarder,,,lost,10,K,,bulwark,36,3,2,3
b829,3,mixed,slayer+bulwark+hoarder,,,lost,3,J,,slayer,9,1,1,0
b830,3,mixed,slayer+bulwark+hoarder,,,lost,9,K,,hoarder,31,2,2,0
b831,3,mixed,slayer+bulwark+hoarder,,,lost,8,K,,hoarder,26,2,1,0
b832,3,mixed,slayer+bulwark+hoarder,,,lost,5,Q,,slayer,17,2,1,3
b833,3,mixed,slayer+bulwark+hoarder,,,lost,10,K,,slayer,30,5,2,0
b834,3,mixed,slayer+bulwark+hoarder,,,lost,5,Q,,bulwark,15,0,1,1
b835,3,mixed,slayer+bulwark+hoarder,,,lost,11,K,,slayer,34,5,1,0
b836,3,mixed,slayer+bulwark+hoarder,,,lost,6,Q,,slayer,16,1,1,0
b837,3,mixed,slayer+bulwark+hoarder,,,lost,5,Q,,hoarder,14,2,0,1
b838,3,mixed,slayer+bulwark+hoarder,,,lost,8,K,,hoarder,29,0,2,0
b839,3,mixed,slayer+bulwark+hoarder,,,lost,5,Q,,hoarder,14,4,0,0
b840,3,mixed,slayer+bulwark+hoarder,,,lost,5,Q,,slayer,15,4,1,0
b841,3,mixed,slayer+bulwark+hoarder,,,lost,3,J,,hoarder,12,1,0,1
b842,3,mixed,slayer+bulwark+hoarder,,,lost,4,Q,,bulwark,9,3,0,0
b843,3,mixed,slayer+bulwark+hoarder,,,lost,10,K,,bulwark,30,3,1,1
b844,3,mixed,slayer+bulwark+hoarder,,,lost,6,Q,,bulwark,16,3,1,0
b845,3,mixed,slayer+bulwark+hoarder,,,lost,6,Q,,slayer,20,2,1,1
b846,3,mixed,slayer+bulwark+hoarder,,,lost,8,K,,bulwark,25,1,0,0
b847,3,mixed,slayer+bulwark+hoarder,,,lost,4,Q,,slayer,13,3,1,3
b848,3,mixed,slayer+bulwark+hoarder,,,lost,10,K,,hoarder,29,3,2,0
b849,3,mixed,slayer+bulwark+hoarder,,,lost,5,Q,,hoarder,13,0,1,0
b850,3,mixed,slayer+bulwark+hoarder,,,lost,5,Q,,bulwark,17,2,1,1
b851,4,slayer,slayer+slayer+slayer+slayer,,,lost,7,Q,,slayer,22,0,1,0
b852,4,slayer,slayer+slayer+slayer+slayer,,,lost,7,Q,,slayer,23,2,2,0
b853,4,slayer,slayer+slayer+slayer+slayer,,,lost,5,Q,,slayer,17,3,2,0
b854,4,slayer,slayer+slayer+slayer+slayer,,,lost,4,Q,,slayer,12,0,1,0
b855,4,slayer,slayer+slayer+slayer+slayer,,,lost,4,Q,,slayer,10,0,0,0
b856,4,slayer,slayer+slayer+slayer+slayer,,,lost,4,Q,,slayer,12,1,1,0
b857,4,slayer,slayer+slayer+slayer+slayer,,,lost,3,J,,slayer,7,1,0,0
b858,4,slayer,slayer+slayer+slayer+slayer,,,lost,6,Q,,slayer,17,2,1,0
b859,4,slayer,slayer+slayer+slayer+slayer,,,lost,4,Q,,slayer,10,1,1,0
b860,4,slayer,slayer+slayer+slayer+slayer,,,lost,6,Q,,slayer,19,2,1,0
b861,4,slayer,slayer+slayer+slayer+slayer,,,lost,6,Q,,slayer,18,2,2,1
b862,4,slayer,slayer+slayer+slayer+slayer,,,lost,4,Q,,slayer,12,2,1,0
b863,4,slayer,slayer+slayer+slayer+slayer,,,lost,5,Q,,slayer,19,1,1,2
b864,4,slayer,slayer+slayer+slayer+slayer,,,lost,5,Q,,slayer,16,1,1,1
b865,4,slayer,slayer+slayer+slayer+slayer,,,lost,8,K,,slayer,26,1,1,0
b866,4,slayer,slayer+slayer+slayer+slayer,,,lost,5,Q,,slayer,14,2,1,0
b867,4,slayer,slayer+slayer+slayer+slayer,,,lost,4,Q,,slayer,12,0,0,1
b868,4,slayer,slayer+slayer+slayer+slayer,,,lost,8,K,,slayer,24,2,3,0
b869,4,slayer,slayer+slayer+slayer+slayer,,,lost,5,Q,,slayer,18,0,2,0
b870,4,slayer,slayer+slayer+slayer+slayer,,,lost,5,Q,,slayer,12,1,1,0
b871,4,slayer,slayer+slayer+slayer+slayer,,,lost,4,Q,,slayer,9,1,0,0
b872,4,slayer,slayer+slayer+slayer+slayer,,,lost,6,Q,,slayer,20,0,1,1
b873,4,slayer,slayer+slayer+slayer+slayer,,,lost,7,Q,,slayer,22,0,2,0
b874,4,slayer,slayer+slayer+slayer+slayer,,,lost,4,Q,,slayer,13,0,2,0
b875,4,slayer,slayer+slayer+slayer+slayer,,,lost,11,K,,slayer,35,4,3,1
b876,4,slayer,slayer+slayer+slayer+slayer,,,lost,5,Q,,slayer,13,2,0,0
b877,4,slayer,slayer+slayer+slayer+slayer,,,lost,5,Q,,slayer,13,2,1,0
b878,4,slayer,slayer+slayer+slayer+slayer,,,lost,1,J,,slayer,3,0,0,0
b879,4,slayer,slayer+slayer+slayer+slayer,,,lost,4,Q,,slayer,12,0,0,0
b880,4,slayer,slayer+slayer+slayer+slayer,,,lost,5,Q,,slayer,16,2,1,1
b881,4,slayer,slayer+slayer+slayer+slayer,,,lost,4,Q,,slayer,12,2,2,0
b882,4,slayer,slayer+slayer+slayer+slayer,,,lost,6,Q,,slayer,20,0,1,1
b883,4,slayer,slayer+slayer+slayer+slayer,,,lost,7,Q,,slayer,19,1,1,0
b884,4,slayer,slayer+slayer+slayer+slayer,,,lost,8,K,,slayer,26,2,2,0
b885,4,slayer,slayer+slayer+slayer+slayer,,,lost,7,Q,,slayer,21,2,2,0
b886,4,slayer,slayer+slayer+slayer+slayer,,,lost,4,Q,,slayer,11,1,1,0
b887,4,slayer,slayer+slayer+slayer+slayer,,,lost,3,J,,slayer,8,2,0,1
b888,4,slayer,slayer+slayer+slayer+slayer,,,lost,4,Q,,slayer,13,1,1,0
b889,4,slayer,slayer+slayer+slayer+slayer,,,lost,5,Q,,slayer,14,2,0,0
b890,4,slayer,slayer+slayer+slayer+slayer,,,lost,6,Q,,slayer,17,1,1,0
b891,4,slayer,slayer+slayer+slayer+slayer,,,lost,4,Q,,slayer,10,0,0,0
b892,4,slayer,slayer+slayer+slayer+slayer,,,lost,8,K,,slayer,23,0,2,0
b893,4,slayer,slayer+slayer+slayer+slayer,,,lost,5,Q,,slayer,14,2,1,0
b894,4,slayer,slayer+slayer+slayer+slayer,,,lost,4,Q,,slayer,13,1,2,0
b895,4,slayer,slayer+slayer+slayer+slayer,,,lost,5,Q,,slayer,13,1,1,0
b896,4,slayer,slayer+slayer+slayer+slayer,,,lost,5,Q,,slayer,18,0,2,0
b897,4,slayer,slayer+slayer+slayer+slayer,,,lost,6,Q,,slayer,21,0,2,0
b898,4,slayer,slayer+slayer+slayer+slayer,,,lost,4,Q,,slayer,11,0,0,0
b899,4,slayer,slayer+slayer+slayer+slayer,,,lost,5,Q,,slayer,16,1,1,1
b900,4,slayer,slayer+slayer+slayer+slayer,,,lost,6,Q,,slayer,20,1,1,2
b901,4,bulwark,bulwark+bulwark+bulwark+bulwark,,,lost,2,J,,bulwark,4,1,0,1
b902,4,bulwark,bulwark+bulwark+bulwark+bulwark,,,lost,4,Q,,bulwark,12,1,0,0
b903,4,bulwark,bulwark+bulwark+bulwark+bulwark,,,lost,2,J,,bulwark,5,0,0,0
b904,4,bulwark,bulwark+bulwark+bulwark+bulwark,,,lost,6,Q,,bulwark,18,2,1,1
b905,4,bulwark,bulwark+bulwark+bulwark+bulwark,,,lost,3,J,,bulwark,9,1,1,1
b906,4,bulwark,bulwark+bulwark+bulwark+bulwark,,,lost,5,Q,,bulwark,18,1,2,0
b907,4,bulwark,bulwark+bulwark+bulwark+bulwark,,,lost,1,J,,bulwark,5,1,1,1
b908,4,bulwark,bulwark+bulwark+bulwark+bulwark,,,lost,4,Q,,bulwark,9,2,1,0
b909,4,bulwark,bulwark+bulwark+bulwark+bulwark,,,lost,2,J,,bulwark,6,0,1,0
b910,4,bulwark,bulwark+bulwark+bulwark+bulwark,,,lost,5,Q,,bulwark,16,0,1,0
b911,4,bulwark,bulwark+bulwark+bulwark+bulwark,,,lost,4,Q,,bulwark,20,1,2,3
b912,4,bulwark,bulwark+bulwark+bulwark+bulwark,,,lost,7,Q,,bulwark,21,3,1,0
b913,4,bulwark,bulwark+bulwark+bulwark+bulwark,,,lost,8,K,,bulwark,28,2,2,3
b914,4,bulwark,bulwark+bulwark+bulwark+bulwark,,,lost,2,J,,bulwark,7,0,0,0
b915,4,bulwark,bulwark+bulwark+bulwark+bulwark,,,lost,5,Q,,bulwark,18,2,2,0
b916,4,bulwark,bulwark+bulwark+bulwark+bulwark,,,lost,4,Q,,bulwark,14,1,1,1
b917,4,bulwark,bulwark+bulwark+bulwark+bulwark,,,lost,4,Q,,bulwark,15,0,2,0
b918,4,bulwark,bulwark+bulwark+bulwark+bulwark,,,lost,5,Q,,bulwark,18,1,2,0
b919,4,bulwark,bulwark+bulwark+bulwark+bulwark,,,lost,4,Q,,bulwark,13,1,0,1
b920,4,bulwark,bulwark+bulwark+bulwark+bulwark,,,lost,5,Q,,bulwark,18,3,2,0
b921,4,bulwark,bulwark+bulwark+bulwark+bulwark,,,lost,5,Q,,bulwark,15,2,0,1
b922,4,bulwark,bulwark+bulwark+bulwark+bulwark,,,lost,9,K,,bulwark,31,5,2,2
b923,4,bulwark,bulwark+bulwark+bulwark+bulwark,,,lost,4,Q,,bulwark,15,1,1,2
b924,4,bulwark,bulwark+bulwark+bulwark+bulwark,,,lost,4,Q,,bulwark,12,0,1,0
b925,4,bulwark,bulwark+bulwark+bulwark+bulwark,,,lost,5,Q,,bulwark,19,2,1,2
b926,4,bulwark,bulwark+bulwark+bulwark+bulwark,,,lost,5,Q,,bulwark,20,1,2,3
b927,4,bulwark,bulwark+bulwark+bulwark+bulwark,,,lost,3,J,,bulwark,12,0,2,1
b928,4,bulwark,bulwark+bulwark+bulwark+bulwark,,,lost,4,Q,,bulwark,12,0,1,0
b929,4,bulwark,bulwark+bulwark+bulwark+bulwark,,,lost,5,Q,,bulwark,16,1,1,0
b930,4,bulwark,bulwark+bulwark+bulwark+bulwark,,,lost,4,Q,,bulwark,14,2,2,0
b931,4,bulwark,bulwark+bulwark+bulwark+bulwark,,,lost,7,Q,,bulwark,23,5,2,0
b932,4,bulwark,bulwark+bulwark+bulwark+bulwark,,,lost,6,Q,,bulwark,23,0,2,1
b933,4,bulwark,bulwark+bulwark+bulwark+bulwark,,,lost,7,Q,,bulwark,24,2,1,0
b934,4,bulwark,bulwark+bulwark+bulwark+bulwark,,,lost,4,Q,,bulwark,12,2,2,0
b935,4,bulwark,bulwark+bulwark+bulwark+bulwark,,,lost,8,K,,bulwark,32,3,3,0
b936,4,bulwark,bulwark+bulwark+bulwark+bulwark,,,lost,7,Q,,bulwark,20,5,2,0
b937,4,bulwark,bulwark+bulwark+bulwark+bulwark,,,lost,6,Q,,bulwark,23,1,2,1
b938,4,bulwark,bulwark+bulwark+bulwark+bulwark,,,lost,6,Q,,bulwark,21,2,2,0
b939,4,bulwark,bulwark+bulwark+bulwark+bulwark,,,lost,6,Q,,bulwark,20,1,2,2
b940,4,bulwark,bulwark+bulwark+bulwark+bulwark,,,lost,5,Q,,bulwark,17,2,1,2
b941,4,bulwark,bulwark+bulwark+bulwark+bulwark,,,lost,4,Q,,bulwark,14,1,1,0
b942,4,bulwark,bulwark+bulwark+bulwark+bulwark,,,lost,4,Q,,bulwark,13,0,1,0
b943,4,bulwark,bulwark+bulwark+bulwark+bulwark,,,lost,7,Q,,bulwark,24,5,2,1
b944,4,bulwark,bulwark+bulwark+bulwark+bulwark,,,lost,7,Q,,bulwark,23,3,2,0
b945,4,bulwark,bulwark+bulwark+bulwark+bulwark,,,lost,4,Q,,bulwark,12,2,1,0
b946,4,bulwark,bulwark+bulwark+bulwark+bulwark,,,lost,5,Q,,bulwark,17,1,2,0
b947,4,bulwark,bulwark+bulwark+bulwark+bulwark,,,lost,1,J,,bulwark,3,0,0,0
b948,4,bulwark,bulwark+bulwark+bulwark+bulwark,,,lost,3,J,,bulwark,12,1,1,0
b949,4,bulwark,bulwark+bulwark+bulwark+bulwark,,,lost,3,J,,bulwark,11,1,1,0
b950,4,bulwark,bulwark+bulwark+bulwark+bulwark,,,lost,7,Q,,bulwark,23,2,2,0
b951,4,hoarder,hoarder+hoarder+hoarder+hoarder,,,lost,4,Q,,hoarder,13,2,1,0
b952,4,hoarder,hoarder+hoarder+hoarder+hoarder,,,lost,5,Q,,hoarder,16,3,1,0
b953,4,hoarder,hoarder+hoarder+hoarder+hoarder,,,lost,6,Q,,hoarder,19,3,2,0
b954,4,hoarder,hoarder+hoarder+hoarder+hoarder,,,lost,5,Q,,hoarder,13,3,2,0
b955,4,hoarder,hoarder+hoarder+hoarder+hoarder,,,lost,8,K,,hoarder,28,2,3,0
b956,4,hoarder,hoarder+hoarder+hoarder+hoarder,,,lost,5,Q,,hoarder,18,2,2,1
b957,4,hoarder,hoarder+hoarder+hoarder+hoarder,,,lost,4,Q,,hoarder,11,3,2,1
b958,4,hoarder,hoarder+hoarder+hoarder+hoarder,,,lost,5,Q,,hoarder,16,2,2,0
b959,4,hoarder,hoarder+hoarder+hoarder+hoarder,,,lost,5,Q,,hoarder,15,1,1,2
b960,4,hoarder,hoarder+hoarder+hoarder+hoarder,,,lost,9,K,,hoarder,37,1,4,0
b961,4,hoarder,hoarder+hoarder+hoarder+hoarder,,,lost,5,Q,,hoarder,16,2,2,0
b962,4,hoarder,hoarder+hoarder+hoarder+hoarder,,,lost,2,J,,hoarder,4,1,0,0
b963,4,hoarder,hoarder+hoarder+hoarder+hoarder,,,lost,5,Q,,hoarder,17,1,1,0
b964,4,hoarder,hoarder+hoarder+hoarder+hoarder,,,lost,6,Q,,hoarder,23,2,2,1
b965,4,hoarder,hoarder+hoarder+hoarder+hoarder,,,lost,5,Q,,hoarder,16,3,2,2
b966,4,hoarder,hoarder+hoarder+hoarder+hoarder,,,lost,4,Q,,hoarder,10,2,0,0
b967,4,hoarder,hoarder+hoarder+hoarder+hoarder,,,lost,4,Q,,hoarder,14,2,2,0
b968,4,hoarder,hoarder+hoarder+hoarder+hoarder,,,lost,8,K,,hoarder,27,4,3,0
b969,4,hoarder,hoarder+hoarder+hoarder+hoarder,,,lost,4,Q,,hoarder,10,2,1,0
b970,4,hoarder,hoarder+hoarder+hoarder+hoarder,,,lost,7,Q,,hoarder,20,2,0,1
b971,4,hoarder,hoarder+hoarder+hoarder+hoarder,,,lost,4,Q,,hoarder,11,3,1,0
b972,4,hoarder,hoarder+hoarder+hoarder+hoarder,,,lost,5,Q,,hoarder,12,2,1,0
b973,4,hoarder,hoarder+hoarder+hoarder+hoarder,,,lost,6,Q,,hoarder,20,2,2,0
b974,4,hoarder,hoarder+hoarder+hoarder+hoarder,,,lost,9,K,,hoarder,32,6,4,0
b975,4,hoarder,hoarder+hoarder+hoarder+hoarder,,,lost,4,Q,,hoarder,14,1,2,0
b976,4,hoarder,hoarder+hoarder+hoarder+hoarder,,,lost,1,J,,hoarder,4,1,1,0
b977,4,hoarder,hoarder+hoarder+hoarder+hoarder,,,lost,4,Q,,hoarder,10,1,0,0
b978,4,hoarder,hoarder+hoarder+hoarder+hoarder,,,lost,5,Q,,hoarder,17,2,1,1
b979,4,hoarder,hoarder+hoarder+hoarder+hoarder,,,lost,7,Q,,hoarder,24,3,3,1
b980,4,hoarder,hoarder+hoarder+hoarder+hoarder,,,lost,5,Q,,hoarder,13,4,2,0
b981,4,hoarder,hoarder+hoarder+hoarder+hoarder,,,lost,8,K,,hoarder,24,5,2,0
b982,4,hoarder,hoarder+hoarder+hoarder+hoarder,,,lost,6,Q,,hoarder,21,3,2,1
b983,4,hoarder,hoarder+hoarder+hoarder+hoarder,,,lost,2,J,,hoarder,6,2,0,0
b984,4,hoarder,hoarder+hoarder+hoarder+hoarder,,,lost,3,J,,hoarder,11,1,1,1
b985,4,hoarder,hoarder+hoarder+hoarder+hoarder,,,lost,6,Q,,hoarder,21,3,2,3
b986,4,hoarder,hoarder+hoarder+hoarder+hoarder,,,lost,4,Q,,hoarder,10,1,0,0
b987,4,hoarder,hoarder+hoarder+hoarder+hoarder,,,lost,4,Q,,hoarder,15,1,2,1
b988,4,hoarder,hoarder+hoarder+hoarder+hoarder,,,lost,7,Q,,hoarder,27,2,3,1
b989,4,hoarder,hoarder+hoarder+hoarder+hoarder,,,lost,4,Q,,hoarder,14,0,2,0
b990,4,hoarder,hoarder+hoarder+hoarder+hoarder,,,lost,6,Q,,hoarder,20,2,2,0
b991,4,hoarder,hoarder+hoarder+hoarder+hoarder,,,lost,6,Q,,hoarder,20,2,2,2
b992,4,hoarder,hoarder+hoarder+hoarder+hoarder,,,lost,3,J,,hoarder,9,2,0,1
b993,4,hoarder,hoarder+hoarder+hoarder+hoarder,,,lost,5,Q,,hoarder,14,2,0,1
b994,4,hoarder,hoarder+hoarder+hoarder+hoarder,,,lost,6,Q,,hoarder,24,2,2,2
b995,4,hoarder,hoarder+hoarder+hoarder+hoarder,,,lost,9,K,,hoarder,35,0,4,1
b996,4,hoarder,hoarder+hoarder+hoarder+hoarder,,,lost,9,K,,hoarder,32,4,4,1
b997,4,hoarder,hoarder+hoarder+hoarder+hoarder,,,lost,5,Q,,hoarder,15,2,1,0
b998,4,hoarder,hoarder+hoarder+hoarder+hoarder,,,lost,7,Q,,hoarder,25,1,2,0
b999,4,hoarder,hoarder+hoarder+hoarder+hoarder,,,lost,5,Q,,hoarder,17,2,2,0
b1000,4,hoarder,hoarder+hoarder+hoarder+hoarder,,,lost,6,Q,,hoarder,16,3,1,0
b1001,4,sniper,sniper+sniper+sniper+sniper,,,lost,4,Q,,sniper,14,3,1,1
b1002,4,sniper,sniper+sniper+sniper+sniper,,,lost,8,K,,sniper,29,3,3,2
b1003,4,sniper,sniper+sniper+sniper+sniper,,,lost,6,Q,,sniper,19,2,2,0
b1004,4,sniper,sniper+sniper+sniper+sniper,,,lost,4,Q,,sniper,14,3,1,0
b1005,4,sniper,sniper+sniper+sniper+sniper,,,lost,6,Q,,sniper,17,2,1,0
b1006,4,sniper,sniper+sniper+sniper+sniper,,,lost,7,Q,,sniper,24,4,2,4
b1007,4,sniper,sniper+sniper+sniper+sniper,,,lost,4,Q,,sniper,7,2,0,0
b1008,4,sniper,sniper+sniper+sniper+sniper,,,lost,4,Q,,sniper,11,2,2,0
b1009,4,sniper,sniper+sniper+sniper+sniper,,,lost,6,Q,,sniper,17,1,1,0
b1010,4,sniper,sniper+sniper+sniper+sniper,,,lost,5,Q,,sniper,17,0,2,0
b1011,4,sniper,sniper+sniper+sniper+sniper,,,lost,8,K,,sniper,25,4,2,1
b1012,4,sniper,sniper+sniper+sniper+sniper,,,lost,5,Q,,sniper,17,1,2,0
b1013,4,sniper,sniper+sniper+sniper+sniper,,,lost,7,Q,,sniper,20,7,2,0
b1014,4,sniper,sniper+sniper+sniper+sniper,,,lost,5,Q,,sniper,18,4,2,2
b1015,4,sniper,sniper+sniper+sniper+sniper,,,lost,5,Q,,sniper,16,3,2,0
b1016,4,sniper,sniper+sniper+sniper+sniper,,,lost,2,J,,sniper,3,2,0,0
b1017,4,sniper,sniper+sniper+sniper+sniper,,,lost,5,Q,,sniper,16,2,1,1
b1018,4,sniper,sniper+sniper+sniper+sniper,,,lost,8,K,,sniper,26,2,4,1
b1019,4,sniper,sniper+sniper+sniper+sniper,,,lost,4,Q,,sniper,14,0,2,1
b1020,4,sniper,sniper+sniper+sniper+sniper,,,lost,6,Q,,sniper,17,2,1,0
b1021,4,sniper,sniper+sniper+sniper+sniper,,,lost,4,Q,,sniper,11,2,1,1
b1022,4,sniper,sniper+sniper+sniper+sniper,,,lost,8,K,,sniper,21,3,1,0
b1023,4,sniper,sniper+sniper+sniper+sniper,,,lost,8,K,,sniper,25,5,2,1
b1024,4,sniper,sniper+sniper+sniper+sniper,,,lost,4,Q,,sniper,11,3,1,0
b1025,4,sniper,sniper+sniper+sniper+sniper,,,lost,4,Q,,sniper,16,2,2,0
b1026,4,sniper,sniper+sniper+sniper+sniper,,,lost,8,K,,sniper,24,5,2,2
b1027,4,sniper,sniper+sniper+sniper+sniper,,,lost,5,Q,,sniper,14,1,1,0
b1028,4,sniper,sniper+sniper+sniper+sniper,,,lost,6,Q,,sniper,19,1,2,0
b1029,4,sniper,sniper+sniper+sniper+sniper,,,lost,5,Q,,sniper,16,0,1,0
b1030,4,sniper,sniper+sniper+sniper+sniper,,,lost,4,Q,,sniper,13,1,1,0
b1031,4,sniper,sniper+sniper+sniper+sniper,,,lost,5,Q,,sniper,15,0,2,0
b1032,4,sniper,sniper+sniper+sniper+sniper,,,lost,8,K,,sniper,24,3,1,2
b1033,4,sniper,sniper+sniper+sniper+sniper,,,lost,4,Q,,sniper,11,1,1,0
b1034,4,sniper,sniper+sniper+sniper+sniper,,,lost,7,Q,,sniper,19,4,0,1
b1035,4,sniper,sniper+sniper+sniper+sniper,,,lost,2,J,,sniper,10,0,1,1
b1036,4,sniper,sniper+sniper+sniper+sniper,,,lost,6,Q,,sniper,22,4,2,2
b1037,4,sniper,sniper+sniper+sniper+sniper,,,lost,7,Q,,sniper,25,3,2,1
b1038,4,sniper,sniper+sniper+sniper+sniper,,,lost,6,Q,,sniper,20,2,2,2
b1039,4,sniper,sniper+sniper+sniper+sniper,,,lost,1,J,,sniper,3,0,0,0
b1040,4,sniper,sniper+sniper+sniper+sniper,,,lost,4,Q,,sniper,15,1,2,2
b1041,4,sniper,sniper+sniper+sniper+sniper,,,lost,8,K,,sniper,27,3,2,1
b1042,4,sniper,sniper+sniper+sniper+sniper,,,lost,5,Q,,sniper,15,4,2,0
b1043,4,sniper,sniper+sniper+sniper+sniper,,,lost,2,J,,sniper,5,1,1,0
b1044,4,sniper,sniper+sniper+sniper+sniper,,,lost,6,Q,,sniper,20,1,2,1
b1045,4,sniper,sniper+sniper+sniper+sniper,,,lost,6,Q,,sniper,20,1,1,1
b1046,4,sniper,sniper+sniper+sniper+sniper,,,lost,4,Q,,sniper,12,1,2,0
b1047,4,sniper,sniper+sniper+sniper+sniper,,,lost,6,Q,,sniper,18,3,1,0
b1048,4,sniper,sniper+sniper+sniper+sniper,,,lost,5,Q,,sniper,14,2,1,0
b1049,4,sniper,sniper+sniper+sniper+sniper,,,lost,5,Q,,sniper,13,1,0,0
b1050,4,sniper,sniper+sniper+sniper+sniper,,,lost,4,Q,,sniper,13,3,2,0
b1051,4,steady,steady+steady+steady+steady,,,lost,4,Q,,steady,17,0,2,3
b1052,4,steady,steady+steady+steady+steady,,,lost,7,Q,,steady,26,2,2,2
b1053,4,steady,steady+steady+steady+steady,,,lost,8,K,,steady,27,0,2,0
b1054,4,steady,steady+steady+steady+steady,,,lost,5,Q,,steady,16,1,0,2
b1055,4,steady,steady+steady+steady+steady,,,lost,4,Q,,steady,14,2,1,2
b1056,4,steady,steady+steady+steady+steady,,,lost,5,Q,,steady,11,2,0,0
b1057,4,steady,steady+steady+steady+steady,,,lost,8,K,,steady,26,3,2,1
b1058,4,steady,steady+steady+steady+steady,,,lost,8,K,,steady,26,4,3,0
b1059,4,steady,steady+steady+steady+steady,,,lost,6,Q,,steady,18,4,2,1
b1060,4,steady,steady+steady+steady+steady,,,lost,5,Q,,steady,13,3,0,0
b1061,4,steady,steady+steady+steady+steady,,,lost,7,Q,,steady,22,2,2,1
b1062,4,steady,steady+steady+steady+steady,,,lost,3,J,,steady,11,1,2,0
b1063,4,steady,steady+steady+steady+steady,,,lost,6,Q,,steady,16,2,1,0
b1064,4,steady,steady+steady+steady+steady,,,lost,5,Q,,steady,17,3,2,1
b1065,4,steady,steady+steady+steady+steady,,,lost,2,J,,steady,10,0,1,2
b1066,4,steady,steady+steady+steady+steady,,,lost,4,Q,,steady,17,0,2,4
b1067,4,steady,steady+steady+steady+steady,,,lost,2,J,,steady,8,0,1,1
b1068,4,steady,steady+steady+steady+steady,,,lost,4,Q,,steady,12,2,1,0
b1069,4,steady,steady+steady+steady+steady,,,lost,4,Q,,steady,11,0,0,0
b1070,4,steady,steady+steady+steady+steady,,,lost,5,Q,,steady,16,1,1,1
b1071,4,steady,steady+steady+steady+steady,,,lost,5,Q,,steady,18,1,2,1
b1072,4,steady,steady+steady+steady+steady,,,lost,8,K,,steady,30,1,3,0
b1073,4,steady,steady+steady+steady+steady,,,lost,4,Q,,steady,8,2,0,0
b1074,4,steady,steady+steady+steady+steady,,,lost,3,J,,steady,8,2,1,1
b1075,4,steady,steady+steady+steady+steady,,,lost,3,J,,steady,10,1,1,2
b1076,4,steady,steady+steady+steady+steady,,,lost,10,K,,steady,35,1,4,0
b1077,4,steady,steady+steady+steady+steady,,,lost,7,Q,,steady,24,2,1,2
b1078,4,steady,steady+steady+steady+steady,,,lost,8,K,,steady,32,3,4,1
b1079,4,steady,steady+steady+steady+steady,,,lost,8,K,,steady,24,3,1,0
b1080,4,steady,steady+steady+steady+steady,,,lost,7,Q,,steady,22,3,1,1
b1081,4,steady,steady+steady+steady+steady,,,lost,7,Q,,steady,23,4,1,0
b1082,4,steady,steady+steady+steady+steady,,,lost,4,Q,,steady,12,2,1,0
b1083,4,steady,steady+steady+steady+steady,,,lost,4,Q,,steady,15,1,1,1
b1084,4,steady,steady+steady+steady+steady,,,won,12,,,,41,7,3,0
b1085,4,steady,steady+steady+steady+steady,,,lost,4,Q,,steady,13,2,1,1
b1086,4,steady,steady+steady+steady+steady,,,lost,5,Q,,steady,15,2,2,0
b1087,4,steady,steady+steady+steady+steady,,,lost,5,Q,,steady,13,3,0,0
b1088,4,steady,steady+steady+steady+steady,,,lost,5,Q,,steady,16,1,0,1
b1089,4,steady,steady+steady+steady+steady,,,lost,4,Q,,steady,10,1,1,1
b1090,4,steady,steady+steady+steady+steady,,,lost,5,Q,,steady,14,2,0,1
b1091,4,steady,steady+steady+steady+steady,,,lost,6,Q,,steady,20,3,2,1
b1092,4,steady,steady+steady+steady+steady,,,lost,1,J,,steady,3,0,0,0
b1093,4,steady,steady+steady+steady+steady,,,lost,4,Q,,steady,13,1,2,0
b1094,4,steady,steady+steady+steady+steady,,,lost,3,J,,steady,10,1,1,1
b1095,4,steady,steady+steady+steady+steady,,,lost,4,Q,,steady,17,1,2,2
b1096,4,steady,steady+steady+steady+steady,,,lost,5,Q,,steady,14,1,1,0
b1097,4,steady,steady+steady+steady+steady,,,lost,4,Q,,steady,10,2,0,0
b1098,4,steady,steady+steady+steady+steady,,,lost,5,Q,,steady,14,0,0,0
b1099,4,steady,steady+steady+steady+steady,,,lost,5,Q,,steady,16,1,2,1
b1100,4,steady,steady+steady+steady+steady,,,lost,5,Q,,steady,13,1,0,0
b1101,4,mixed,slayer+bulwark+hoarder+sniper,,,lost,5,Q,,slayer,14,1,2,0
b1102,4,mixed,slayer+bulwark+hoarder+sniper,,,lost,7,Q,,slayer,30,1,2,2
b1103,4,mixed,slayer+bulwark+hoarder+sniper,,,lost,4,Q,,sniper,12,3,1,1
b1104,4,mixed,slayer+bulwark+hoarder+sniper,,,lost,5,Q,,hoarder,17,2,1,0
b1105,4,mixed,slayer+bulwark+hoarder+sniper,,,lost,5,Q,,slayer,14,0,0,0
b1106,4,mixed,slayer+bulwark+hoarder+sniper,,,lost,5,Q,,sniper,17,2,1,1
b1107,4,mixed,slayer+bulwark+hoarder+sniper,,,lost,5,Q,,slayer,14,1,0,0
b1108,4,mixed,slayer+bulwark+hoarder+sniper,,,lost,4,Q,,sniper,11,2,1,0
b1109,4,mixed,slayer+bulwark+hoarder+sniper,,,lost,2,J,,slayer,6,1,1,0
b1110,4,mixed,slayer+bulwark+hoarder+sniper,,,lost,3,J,,bulwark,9,1,1,0
b1111,4,mixed,slayer+bulwark+hoarder+sniper,,,lost,3,J,,hoarder,11,1,1,0
b1112,4,mixed,slayer+bulwark+hoarder+sniper,,,lost,7,Q,,hoarder,22,0,1,2
b1113,4,mixed,slayer+bulwark+hoarder+sniper,,,lost,3,J,,hoarder,6,2,0,0
b1114,4,mixed,slayer+bulwark+hoarder+sniper,,,lost,5,Q,,bulwark,16,3,2,0
b1115,4,mixed,slayer+bulwark+hoarder+sniper,,,lost,11,K,,slayer,40,3,3,2
b1116,4,mixed,slayer+bulwark+hoarder+sniper,,,lost,9,K,,sniper,29,1,3,0
b1117,4,mixed,slayer+bulwark+hoarder+sniper,,,lost,5,Q,,bulwark,15,2,2,1
b1118,4,mixed,slayer+bulwark+hoarder+sniper,,,lost,5,Q,,bulwark,15,1,1,1
b1119,4,mixed,slayer+bulwark+hoarder+sniper,,,lost,3,J,,slayer,8,2,0,0
b1120,4,mixed,slayer+bulwark+hoarder+sniper,,,lost,9,K,,bulwark,30,3,3,1
b1121,4,mixed,slayer+bulwark+hoarder+sniper,,,lost,4,Q,,bulwark,10,3,0,1
b1122,4,mixed,slayer+bulwark+hoarder+sniper,,,lost,3,J,,slayer,7,2,1,0
b1123,4,mixed,slayer+bulwark+hoarder+sniper,,,lost,4,Q,,bulwark,13,2,1,0
b1124,4,mixed,slayer+bulwark+hoarder+sniper,,,lost,4,Q,,sniper,12,1,0,1
b1125,4,mixed,slayer+bulwark+hoarder+sniper,,,lost,4,Q,,hoarder,11,1,1,1
b1126,4,mixed,slayer+bulwark+hoarder+sniper,,,lost,4,Q,,slayer,13,0,0,0
b1127,4,mixed,slayer+bulwark+hoarder+sniper,,,lost,8,K,,bulwark,26,2,2,1
b1128,4,mixed,slayer+bulwark+hoarder+sniper,,,lost,4,Q,,bulwark,10,3,0,0
b1129,4,mixed,slayer+bulwark+hoarder+sniper,,,lost,3,J,,sniper,9,1,1,0
b1130,4,mixed,slayer+bulwark+hoarder+sniper,,,lost,4,Q,,bulwark,13,2,1,0
b1131,4,mixed,slayer+bulwark+hoarder+sniper,,,lost,5,Q,,slayer,18,2,1,2
b1132,4,mixed,slayer+bulwark+hoarder+sniper,,,lost,7,Q,,slayer,21,4,2,0
b1133,4,mixed,slayer+bulwark+hoarder+sniper,,,lost,4,Q,,hoarder,13,1,1,0
b1134,4,mixed,slayer+bulwark+hoarder+sniper,,,lost,5,Q,,hoarder,15,1,1,1
b1135,4,mixed,slayer+bulwark+hoarder+sniper,,,lost,5,Q,,slayer,18,3,2,3
b1136,4,mixed,slayer+bulwark+hoarder+sniper,,,lost,6,Q,,bulwark,17,2,1,0
b1137,4,mixed,slayer+bulwark+hoarder+sniper,,,lost,4,Q,,slayer,14,3,2,0
b1138,4,mixed,slayer+bulwark+hoarder+sniper,,,lost,6,Q,,sniper,17,2,1,0
b1139,4,mixed,slayer+bulwark+hoarder+sniper,,,lost,5,Q,,bulwark,15,4,1,0
b1140,4,mixed,slayer+bulwark+hoarder+sniper,,,lost,5,Q,,slayer,12,3,1,0
b1141,4,mixed,slayer+bulwark+hoarder+sniper,,,lost,5,Q,,slayer,18,3,1,1
b1142,4,mixed,slayer+bulwark+hoarder+sniper,,,lost,4,Q,,hoarder,11,1,0,1
b1143,4,mixed,slayer+bulwark+hoarder+sniper,,,lost,5,Q,,bulwark,14,2,1,0
b1144,4,mixed,slayer+bulwark+hoarder+sniper,,,lost,4,Q,,slayer,13,1,0,2
b1145,4,mixed,slayer+bulwark+hoarder+sniper,,,lost,2,J,,sniper,6,1,0,0
b1146,4,mixed,slayer+bulwark+hoarder+sniper,,,lost,4,Q,,bulwark,10,3,0,1
b1147,4,mixed,slayer+bulwark+hoarder+sniper,,,lost,4,Q,,sniper,12,1,1,0
b1148,4,mixed,slayer+bulwark+hoarder+sniper,,,lost,1,J,,slayer,2,0,0,0
b1149,4,mixed,slayer+bulwark+hoarder+sniper,,,lost,10,K,,bulwark,31,4,3,1
b1150,4,mixed,slayer+bulwark+hoarder+sniper,,,lost,1,J,,slayer,6,0,0,0